ASMID,SPECIESIN,STRAIN,VERSION,BIOPROJECT,NCBI_TAXONID,BUSCO_LINEAGE,PHYLUM,SUBPHYLUM,CLASS,SUBCLASS,ORDER,FAMILY,GENUS,SPECIES,LOCUSTAG
Aaoar1,Aaosphaeria arxii,CBS 175.79,v1.0,,,,,,,,,,,,
Abobie1,Abortiporus biennis,CIRM-BRFM 1778,v1.0,,,,,,,,,,,,
Abscae1,Absidia caerulea,NRRL 1315,v1.0,,,,,,,,,,,,
Absrep1,Absidia repens,NRRL 1336,v1.0,,,,,,,,,,,,
Acain1,Acaromyces ingoldii,MCA 4198,v1.0,,,,,,,,,,,,
Acema1,Acephala macrosclerotiorum,EW76-UTF0540,v1.0,,,,,,,,,,,,
Aciaci1,Acidothrix acidophila,CBS 136259,v1.0,,,,,,,,,,,,
Aciri1_iso,Acidomyces richmondensis,BFW,v1.0,,,,,,,,,,,,
Acrchr1,Acremonium chrysogenum,ATCC 11550,v1.0,,,,,,,,,,,,
AcreTS7_1,Emericellopsis sp.,TS7,v1.0,,,,,,,,,,,,
Agabi_varbisH97_2,Agaricus bisporus var. bisporus,H97,v2.0,,,,,,,,,,,,
Agahy1,Agaricostilbum hyphaenes,ATCC MYA-4628,v1.0,,,,,,,,,,,,
Agrped1,Agrocybe pediades,AH 40210,v1.0,,,,,,,,,,,,
Agrpra2,Agrocybe praecox,OKM 6292,v1.0,,,,,,,,,,,,
Albpec1,Xanthoporus peckianus,DAOM 52321,v1.0,,,,,,,,,,,,
Alikh1,Aliquandostipite khaoyaiensis,CBS 118232,v1.0,,,,,,,,,,,,
Altal1,Alternaria alternata,SRC1lrK2f,v1.0,,,,,,,,,,,,
Altbr1,Alternaria brassicicola,,v1.0,,,,,,,,,,,,
Altro1,Alternaria rosae,MPI-PUGE-AT-0040,v1.0,,,,,,,,,,,,
Amaapr1,Amanita muscaria var. formosa,2016PMI152,v1.0,,,,,,,,,,,,
Amamu1,Amanita muscaria,Koide,v1.0,,,,,,,,,,,,
Amarub1,Amanita rubescens,Pilba,v1.0,,,,,,,,,,,,
Amath1,Amanita thiersii,Skay4041,v1.0,,,,,,,,,,,,
Ambph1,Ambrosiozyma philentoma,NRRL Y-7523,v1.0,,,,,,,,,,,,
Amnli1,Amniculicola lignicola,CBS 123094,v1.0,,,,,,,,,,,,
Amore1,Amorphotheca resinae,,v1.0,,,,,,,,,,,,
Ampqui1,Ampelomyces quisqualis,HMLAC05119,v1.0,,,,,,,,,,,,
AmpWSBS2006_1,Amphiamblys sp. WSBS2006,WSBS2006,v1.0,,,,,,,,,,,,
Amycha1,Amylostereum chailletii,DWAch2,v1.0,,,,,,,,,,,,
Amyenc1,Amylocarpus encephaloides,TRa018bII,v1.0,,,,,,,,,,,,
Amylap1_1,Amylocystis lapponica,SKaAmylap13,v1.0,,,,,,,,,,,,
Amyrou1,Amylomyces rouxii,NRRL 5866,v1.0,,,,,,,,,,,,
Anasp1,Anaeromyces robustus,,v1.0,,,,,,,,,,,,
Anobom1,Anomoporia bombycina,ATCC 64506,v1.0,,,,,,,,,,,,
Anomyc1,Anomoporia myceliosa,MJL_4413,v1.0,,,,,,,,,,,,
Antav1,Anthostoma avocetta,NRRL 3190,v1.0,,,,,,,,,,,,
Antlo1,Antonospora locustae,HM-2013,v1.0,,,,,,,,,,,,
Antser1,Antrodia serialis,Sig1Antser10,v1.0,,,,,,,,,,,,
Apimo1,Apiospora montagnei,NRRL 25634,v1.0,,,,,,,,,,,,
Aplpr1,Aplosporella prunicola,CBS 121.167,v1.0,,,,,,,,,,,,
Armcep1,Armillaria cepistipes,B5,v1.0,,,,,,,,,,,,
Armga1,Armillaria gallica,21-2,v1.0,,,,,,,,,,,,
Armlut1,Armillaria luteobubalina,HWK02,v1.0,,,,,,,,,,,,
Armme1_1,Armillaria mellea,DSM 3731,v1.0,,,,,,,,,,,,
Armost1,Armillaria solidipes,28-4,v1.0,,,,,,,,,,,,
Armosto1,Armillaria ostoyae,C189,v1.0,,,,,,,,,,,,
Artbe1,Arthroderma benhamiae,CBS 112371,v1.0,,,,,,,,,,,,
Artele1122_1,Artolenzites elegans,CIRM-BRFM_1122,v1.0,,,,,,,,,,,,
Artfe1_2,Arthroascus fermentans,17710,v1.0,,,,,,,,,,,,
Artol1,Orbilia oligospora,ATCC 24927,v1.0,,,,,,,,,,,,
Arxad1,Blastobotrys adeninivorans,,v1.0,,,,,,,,,,,,
Ascap1,Ascosphaera apis,ARSEF 7405,v1.0,,,,,,,,,,,,
Ascim1,Ascobolus immersus,RN42,v1.0,,,,,,,,,,,,
Ascni1,Ascodesmis nigricans,CBS 389.68,v1.0,,,,,,,,,,,,
Ascra1,Ascochyta rabiei,ArDII,v1.0,,,,,,,,,,,,
Ascru1,Ascoidea rubescens,NRRL Y17699,v1.0,,,,,,,,,,,,
Ascsa1,Ascocoryne sarcoides,NRRL 50072,v1.0,,,,,,,,,,,,
Ashgo1_1,Eremothecium gossypii,ATCC 10895,v1.0,,,,,,,,,,,,
Aspac1,Aspergillus aculeatus,ATCC16872,v1.1,,,,,,,,,,,,
Aspacu1,Aspergillus aculeatinus,CBS 121060,v1.0,,,,,,,,,,,,
Aspalbe1,Aspergillus albertensis,,v1.0,,,,,,,,,,,,
Aspalli1,Aspergillus alliaceus,CBS 536.65,v1.0,,,,,,,,,,,,
Aspara19utr,Aspergillus arachidicola,,v1.0,,,,,,,,,,,,
Aspave1,Aspergillus avenaceus,IBT_18842,v1.0,,,,,,,,,,,,
Aspber1,Aspergillus bertholletiae,IBT_29228,v1.0,,,,,,,,,,,,
Aspbom1,Aspergillus bombycis,NRRL 26010,v1.0,,,,,,,,,,,,
Aspbr1,Aspergillus brasiliensis,,v1.0,,,,,,,,,,,,
Aspbru1,Aspergillus brunneoviolaceus,CBS 621.78,v1.0,,,,,,,,,,,,
Aspca3,Aspergillus carbonarius,ITEM_5010_v3,v1.0,,,,,,,,,,,,
Aspcae1,Aspergillus caelatus,CBS 763.97,v1.0,,,,,,,,,,,,
Aspcal1,Aspergillus calidoustus,,v1.0,,,,,,,,,,,,
Aspcam1,Aspergillus campestris,IBT_28561,v1.0,,,,,,,,,,,,
Aspcand1,Aspergillus candidus,CBS 102.13,v1.0,,,,,,,,,,,,
Aspcl1,Aspergillus clavatus,NRRL 1,v1.0,,,,,,,,,,,,
Aspcor1,Aspergillus coremiiformis,CBS 553.77,v1.0,,,,,,,,,,,,
Aspcos1,Aspergillus costaricensis,CBS 115574,v1.0,319631,,,,,,,,,,,
Aspcri1,Aspergillus cristatus,GZAAS20.1005,v1.0,,,,,,,,,,,,
Aspell1,Aspergillus ellipticus,CBS 707.79,v1.0,,,,,,,,,,,,
Aspeuc1,Aspergillus eucalypticola,CBS 122712,v1.0,,,,,,,,,,,,
Aspfij1,Aspergillus fijiensis,CBS 313.89,v1.0,,,,,,,,,,,,
Aspfl1,Aspergillus flavus,NRRL 3357,v1.0,,,,,,,,,,,,
Aspfo1,Aspergillus luchuensis,CBS 106.47,v1.0,,,,,,,,,,,,
Aspfu1,Aspergillus fumigatus,Af293,v1.0,,,,,,,,,,,,
Aspfu_A1163_1,Aspergillus fumigatus,A1163,v1.0,,,,,,,,,,,,
Aspgl1,Aspergillus glaucus,,v1.0,,,,,,,,,,,,
Asphet1,Aspergillus heteromorphus,CBS 117.55,v1.0,,,,,,,,,,,,
Asphom1,Aspergillus homomorphus,CBS 101889,v1.0,,,,,,,,,,,,
Aspibe1,Aspergillus ibericus,CBS 121593,v1.0,,,,,,,,,,,,
Aspind1,Aspergillus indologenus,CBS 114.80,v1.0,,,,,,,,,,,,
Aspjap1,Aspergillus japonicus,CBS 114.51,v1.0,,,,,,,,,,,,
Aspka1_1,Aspergillus kawachii,IFO_4308,v1.0,,,,,,,,,,,,
Asplac1,Aspergillus lacticoffeatus,CBS 101883,v1.0,,,,,,,,,,,,
Asplep1,Aspergillus leporis,CBS 151.66,v1.0,,,,,,,,,,,,
Aspmin1,Aspergillus minisclerotigenes,CBS 117635,v1.0,,,,,,,,,,,,
Aspneo1,Aspergillus neoniger,CBS 115656,v1.0,,,,,,,,,,,,
Aspni7,Aspergillus niger,ATCC 1015,v4.0,,,,,,,,,,,,
Aspni_bvT_1,Aspergillus niger,van_Tieghem_ATCC 13496,v1.0,,,,,,,,,,,,
Aspnid1,Aspergillus nidulans,FGSC A4,v1.0,,,,,,,,,,,,
Aspni_DSM_1,Aspergillus niger,CBS 513.88,v1.0,,,,,,,,,,,,
Aspni_NRRL3_1,Aspergillus niger,NRRL 3,v1.0,,,,,,,,,,,,
Aspnom1,Aspergillus nomiae,IBT_12657,v1.0,,,,,,,,,,,,
Aspnom13137_1,Aspergillus nomiae,NRRL 13137,v1.0,,,,,,,,,,,,
Aspnov1,Aspergillus novofumigatus,IBT_16806,v1.0,,,,,,,,,,,,
Aspnovo1,Aspergillus novoparasiticus,CBS 126849,v1.0,,,,,,,,,,,,
Aspoch1,Aspergillus ochraceoroseus,IBT_24754,v1.0,,,,,,,,,,,,
Aspor1,Aspergillus oryzae,RIB40,v1.0,,,,,,,,,,,,
Asppar1,Aspergillus parasiticus,CBS 117618,v1.0,,,,,,,,,,,,
Asppari1,Aspergillus parvisclerotigenus,CBS 121.62,v1.0,,,,,,,,,,,,
Aspph1,Aspergillus niger,phoenicis_Corda_Thom_ATCC 13157,v1.0,,,,,,,,,,,,
Asppip1,Aspergillus piperis,CBS 112811,v1.0,,,,,,,,,,,,
Asppsec1,Aspergillus pseudocaelatus,CBS 117616,v1.0,,,,,,,,,,,,
Asppsen1,Aspergillus pseudonomiae,CBS 119388,v1.0,,,,,,,,,,,,
Asppset1,Aspergillus pseudotamarii,CBS 117625,v1.0,,,,,,,,,,,,
Aspram1,Aspergillus rambellii,SRRC1468,v1.0,,,,,,,,,,,,
Aspsac1,Aspergillus saccharolyticus,JOP_1030-1,v1.0,,,,,,,,,,,,
Aspscl1,Aspergillus sclerotioniger,CBS115572,v1.0,,,,,,,,,,,,
Aspscle1,Aspergillus sclerotiicarbonarius,CBS 121057,v1.0,,,,,,,,,,,,
Aspser1,Aspergillus sergii,CBS 130017,v1.0,,,,,,,,,,,,
Aspste1,Aspergillus steynii,IBT_23096,v1.0,,,,,,,,,,,,
Aspsy1,Aspergillus sydowii,CBS 593.65,v1.0,,,,,,,,,,,,
Asptaic1,Aspergillus taichungensis,IBT_19404,v1.0,,,,,,,,,,,,
Asptam1,Aspergillus tamarii,CBS 117626,v1.0,,,,,,,,,,,,
Aspte1,Aspergillus terreus,NIH_2624,v1.0,,,,,,,,,,,,
Asptra1,Aspergillus transmontanensis,CBS 130015,v1.0,,,,,,,,,,,,
Asptu1,Aspergillus tubingensis,,v1.0,,,,,,,,,,,,
Aspuda1,Aspergillus udagawae,IFM 46973,v1.0,,,,,,,,,,,,
Aspuva1,Aspergillus uvarum,CBS 121591,v1.0,,,,,,,,,,,,
Aspvad1,Aspergillus vadensis,CBS 113365,v1.0,,,,,,,,,,,,
Aspve1,Aspergillus versicolor,,v1.0,,,,,,,,,,,,
Aspvio1,Aspergillus violaceofuscus,CBS 115571,v1.0,,,,,,,,,,,,
Aspwe1,Aspergillus wentii,,v1.0,,,,,,,,,,,,
Aspwel1,Aspergillus welwitschiae,CBS139.54b,v1.0,,,,,,,,,,,,
Aspzo1,Aspergillus zonatus,,v1.0,,,,,,,,,,,,
Aulhe2,Aulographum hederae,,v2.0,,,,,,,,,,,,
Auramp1,Auriculariopsis ampla,NL-1724,v1.0,,,,,,,,,,,,
Aurde3_1,Auricularia subglabra,,v2.0,,,,,,,,,,,,
Aurpu_var_mel1,Aureobasidium pullulans var. melanogenum,CBS 110374,v1.0,,,,,,,,,,,,
Aurpu_var_nam1,Aureobasidium pullulans var. namibiae,CBS 147.97,v1.0,,,,,,,,,,,,
Aurpu_var_pul1,Aureobasidium pullulans var. pullulans,EXF-150,v1.0,,,,,,,,,,,,
Aurpu_var_sub1,Aureobasidium pullulans var. subglaciale,EXF-2481,v1.0,,,,,,,,,,,,
Aurvu1,Auriscalpium vulgare,FP105234-Sp,v1.0,,,,,,,,,,,,
Babin1,Babjeviella inositovora,NRRL Y-12698,v1.0,,,,,,,,,,,,
Bacci1,Backusella circina,FSU_941,v1.0,,,,,,,,,,,,
Basme2finSC,Basidiobolus meristosporus,CBS 931.73,v1.0,,,,,,,,,,,,
Basun1,Basidioascus undulatus,,v1.0,,,,,,,,,,,,
Batde5,Batrachochytrium dendrobatidis,JAM81,v1.0,,,,,,,,,,,,
Bauco1,Baudoinia compniacensis,UAMH_10762_4089826,v1.0,,,,,,,,,,,,
Beaba1,Beauveria bassiana,ARSEF 2860,v1.0,,,,,,,,,,,,
Benpoi1,Benjaminiella poitrasii,RSA 903,v1.0,,,,,,,,,,,,
Bifad1,Bifiguratus adelaidae,AZ0501,v1.0,,,,,,,,,,,,
Bimnz1,Bimuria novae-zelandiae,CBS 107.79,v1.0,,,,,,,,,,,,
Bissp1,Bisporella sp.,PMI857,v1.0,,,,,,,,,,,,
Bjead1_1,Bjerkandera adusta,,v1.0,,,,,,,,,,,,
Blabri1,Blastocladiella britannica,,v1.0,,,,,,,,,,,,
Blade1,Blastomyces dermatitidis,SLH14081,v1.0,,,,,,,,,,,,
Blader1,Blastomyces dermatitidis,ER-3,v1.0,,,,,,,,,,,,
Blape1,Blastomyces percursus,EI222,v1.0,,,,,,,,,,,,
Blatri1,Blakeslea trispora,NRRL 2456,v1.0,,,,,,,,,,,,
Blatri_F921_1,Blakeslea trispora,F921,v1.0,,,,,,,,,,,,
Blatri_F986_2,Blakeslea trispora,F986,v1.0,,,,,,,,,,,,
Blugr2,Blumeria graminis f. sp. hordei,DH14,v1.0,,,,,,,,,,,,
Blugra1,Blumeria graminis f. sp. tritici,96224,v1.0,,,,,,,,,,,,
Blugra3_16,Blumeria graminis f. sp. tritici,96224,v3.16,,,,,,,,,,,,
BlugrR1_1,Blumeria graminis f. sp. hordei,Race1,v1.0,,,,,,,,,,,,
Blyhe1,Blyttiomyces helicus,single-cell,v1.0,,,,,,,,,,,,
Bolcoc1,Boletus coccyginus,2016PMI039,v1.0,,,,,,,,,,,,
Boled5,Boletus edulis,BED1,v4.0,,,,,,,,,,,,
Boledp1,Boletus edulis,Pilba,v1.0,,,,,,,,,,,,
Bolvit1,Bolbitius vitellinus,SZMC-NL-1974,v1.0,,,,,,,,,,,,
Bombar1,Lasiosphaeriaceae sp.,AZ0830,v1.0,,,,,,,,,,,,
Botbo1,Botryobasidium botryosum,v1.0,,,,,,,,,,,,
Botci1,Botrytis cinerea,B05.10,v1.0,,,,,,,,,,,,
Botcin1,Botrytis cinerea,T4,v1.0,,,,,,,,,,,,
Botdo1_1,Botryosphaeria dothidea,,v1.0,,,,,,,,,,,,
Botmuc1,Botryozyma mucatilis,CBS 9042,v1.0,,,,,,,,,,,,
Brefa1,Bretziella fagacearum,C519,v1.0,,,,,,,,,,,,
Bulin1,Bulgaria inquinans,CBS118.31,v1.0,,,,,,,,,,,,
Bysci1,Byssothecium circinans,CBS 675.92,v1.0,,,,,,,,,,,,
Bysni1,Paecilomyces niveus,CO7,v1.0,,,,,,,,,,,,
Byssp1,Byssochlamys spectabilis,No. 5,v1.0,,,,,,,,,,,,
Cadsp1,Cadophora sp.,DSE1049,v1.0,,,,,,,,,,,,
Calco1,Calocera cornea,,v1.0,,,,,,,,,,,,
Calful1,Caloscypha fulgens,ATCC 42695,v1.0,,,,,,,,,,,,
Calmar1,Calycina marina,TRa3180A,v1.0,,,,,,,,,,,,
Calor1,Caliciopsis orientalis,,v1.0,,,,,,,,,,,,
Calpu1,Calosphaeria pulchella,,v1.0,,,,,,,,,,,,
Calvi1,Calocera viscosa,,v1.0,,,,,,,,,,,,
Canalb1,Candida albicans,SC5314,v1.0,,,,,,,,,,,,
Cananz1,Cantharellus anzutake,C23,v1.0,,,,,,,,,,,,
Canar1,Candida arabinofermentans,NRRL YB-2248,v1.0,,,,,,,,,,,,
Canbo1,Candida boidinii,NRRL Y-2332,v1.0,,,,,,,,,,,,
Canca1,Tortispora caseinolytica,Y-17796,v1.0,,,,,,,,,,,,
Candu1,Candida dubliniensis,CD36,v1.0,,,,,,,,,,,,
Canor1,Candida orthopsilosis,Co_90-125,v1.0,,,,,,,,,,,,
Canpa1,Candida parapsilosis,CDC317,v1.0,,,,,,,,,,,,
Canta1,Candida tanzawaensis,NRRL Y-17324,v1.0,,,,,,,,,,,,
Cante1,Candida tenuis,NRRL Y-1498,v1.0,,,,,,,,,,,,
Cantro1,Candida tropicalis,MYA3404,v1.0,,,,,,,,,,,,
Capcor1,Capronia coronata,CBS 617.96,v1.0,,,,,,,,,,,,
Capep1,Capronia epimyces,CBS 606.96,v1.0,,,,,,,,,,,,
Capse1,Capronia semiimmersa,CBS 27337,v1.0,,,,,,,,,,,,
Catan2,Catenaria anguillulae,PL171,v2.0,,,,,,,,,,,,
Caupr1,Caulochytrium protostelioides,ATCC 52028,v1.0,,,,,,,,,,,,
Caupr_SCcomb,Caulochytrium protostelioides,ATCC 52028_single-cell,v1.0,,,,,,,,,,,,
Cenge3,Cenococcum geophilum,1.58,v2.0,,,,,,,,,,,,
Cepal1_1,Cephaloascus albidus,ATCC 66658,v1.0,,,,,,,,,,,,
Cepfr1_1,Cephaloascus fragrans,12-1022,v1.0,,,,,,,,,,,,
CerAGI,Ceratobasidium sp.,anastomosis_group_I_DN8442,v1.0,,,,,,,,,,,,
Cerbe1,Cercospora berteroae,CBS 538.71,v1.0,,,,,,,,,,,,
Cerbo1,Ceraceosorus bombacis,ATCC 22867,v1.0,,,,,,,,,,,,
Cercer1,Cerinomyces ceraceus,ATCC 56525,v1.0,,,,,,,,,,,,
Cersp1,Ceraceosorus guamensis,MCA_4658,v1.0,,,,,,,,,,,,
Cersu1,Ceriporiopsis subvermispora,B,v1.0,,,,,,,,,,,,
Cerun2,Cerrena unicolor,,v1.1,,,,,,,,,,,,
Cerzm1,Cercospora zeae-maydis,,v1.0,,,,,,,,,,,,
CgaCA1873_1,Cryptococcus gattii,CA1873,v1.0,,,,,,,,,,,,
CgaVGII_1,Cryptococcus gattii,VGII_2001935-1,v1.0,,,,,,,,,,,,
CgaVGIV_1,Cryptococcus gattii,VGIV_IND107,v1.0,,,,,,,,,,,,
CgaWM276_1,Cryptococcus gattii,WM276,v1.0,,,,,,,,,,,,
Chabre1,Chaetocladium brefeldii,NRRL 2343,v1.0,,,,,,,,,,,,
Chagl_1,Chaetomium globosum,,v1.0,,,,,,,,,,,,
Chain1,Chaetosphaeria innumera,,v1.0,,,,,,,,,,,,
Chalo1,Chalara longipes,BDJ,v1.0,,,,,,,,,,,,
Chapip1,Chalciporus piperatus,201810_CP,v1.0,,,,,,,,,,,,
Chathe1,Chaetomium thermophilum var. thermophilum,DSM 1495,v1.0,,,,,,,,,,,,
Chiap1,Chionosphaera apobasidialis,52639,v1.0,,,,,,,,,,,,
Chicu1,Chionosphaera cuniculicola,CBS10063,v1.0,,,,,,,,,,,,
Chlpad1,Chlamydoabsidia padenii,NRRL 2977,v1.0,,,,,,,,,,,,
Chocucu1,Choanephora cucurbitarum,NRRL 2744-50,v1.0,,,,,,,,,,,,
Chove1,Choiromyces venosus,120613-1,v1.0,,,,,,,,,,,,
Chyhya1,Chytriomyces hyalinus,JEL632,v1.0,,,,,,,,,,,,
Chylag1,Chytridium lagenaria,Arg66,v1.0,,,,,,,,,,,,
Chytri1,Chytriomyces sp.,MP_71,v1.0,,,,,,,,,,,,
Cirumb1,Circinella umbellata,NRRL1351,v1.0,,,,,,,,,,,,
Citma1,Citeromyces matritensis,NRRL Y-2407,v1.0,,,,,,,,,,,,
Claba1,Cladophialophora bantiana,CBS 173.52,v1.0,,,,,,,,,,,,
Claca1,Cladophialophora carrionii,CBS 160.54,v1.0,,,,,,,,,,,,
Clael1,Clathrospora elynae,CBS 161.51,v1.0,,,,,,,,,,,,
Clafu1,Cladosporium fulvum,,v1.0,,,,,,,,,,,,
Clagr3,Cladonia grayi,CgrDA2mycss,v2.0,,,,,,,,,,,,
Claim1,Cladophialophora immunda,CBS 83496,v1.0,,,,,,,,,,,,
Clalu1_2,Clavispora lusitaniae,ATCC 42720,v1.0,,,,,,,,,,,,
ClaNC0930_1,Phaeomoniellales sp.,NC0930,v1.0,,,,,,,,,,,,
ClaPMI390,Sistotrema sp.,PMI 390,v1.0,,,,,,,,,,,,
Clapol1_1,Cladochytrium polystomum,WB228,v1.0,,,,,,,,,,,,
Claps1,Cladophialophora psammophila,CBS 110553,v1.0,,,,,,,,,,,,
Clapu1,Claviceps purpurea,20.1,v1.0,,,,,,,,,,,,
Clapy1,Artomyces pyxidatus,HHB10654,v1.0,,,,,,,,,,,,
Clarep1_1,Cladochytrium replicatum,JEL_714,v1.0,,,,,,,,,,,,
Clasph1,Cladosporium sphaerospermum,UM_843,v1.0,,,,,,,,,,,,
Claye1,Cladophialophora yegresii,CBS 114405,v1.0,,,,,,,,,,,,
Clibor1,Climacocystis borealis,CliBor001,v1.0,,,,,,,,,,,,
Cligib1,Clitocybe gibba,IJFM_A808,v1.0,,,,,,,,,,,,
Cloaq1,Clohesyomyces aquaticus,,v1.0,,,,,,,,,,,,
Cloro1,Clonostachys rosea,CBS125111,v1.0,,,,,,,,,,,,
Cocba1,Coccodinium bartschii,CBS 121709,v1.0,,,,,,,,,,,,
Cocca1,Cochliobolus carbonum,26-R-13,v1.0,,,,,,,,,,,,
CocheC4_1,Cochliobolus heterostrophus,C4,v1.0,,,,,,,,,,,,
CocheC5_3,Cochliobolus heterostrophus,C5,v2.0,,,,,,,,,,,,
Cocim1,Coccidioides immitis,RS,v1.0,,,,,,,,,,,,
Coclu2,Cochliobolus lunatus,m118,v2.0,,,,,,,,,,,,
Cocmi1,Cochliobolus miyabeanus,ATCC 44560,v1.0,,,,,,,,,,,,
Cocpo1_1,Coccidioides posadasii,C735_delta_SOWgp,v1.0,,,,,,,,,,,,
Cocpos1,Coccidioides posadasii,Silveira,v1.0,,,,,,,,,,,,
Cocsa1,Cochliobolus sativus,ND90Pr,v1.0,,,,,,,,,,,,
Cocst1,Coccomyces strobi,CBS 202.91,v1.0,,,,,,,,,,,,
Cocvi1,Cochliobolus victoriae,FI3,v1.0,,,,,,,,,,,,
CodFL1790_1,Chaetosphaeriaceae sp.,FL1790,v1.0,,,,,,,,,,,,
Coeaci1,Coemansia aciculifera,CBS 19363,v1.0,,,,,,,,,,,,
Coeasi1,Coemansia asiatica,BCRC 34628,v1.0,,,,,,,,,,,,
CoeBC34962_1,Coemansia sp.,BCRC 34962,v1.0,,,,,,,,,,,,
Coebra1,Coemansia brasiliensis,NRRL 1566,v1.0,,,,,,,,,,,,
Coeere1,Coemansia erecta,IMI_279145,v1.0,,,,,,,,,,,,
Coemoj1,Coemansia mojavensis,RSA 71,v1.0,,,,,,,,,,,,
Coere1,Coemansia reversa,NRRL 1564,v1.0,,,,,,,,,,,,
Coespi1,Coemansia spiralis,RSA 1278,v1.0,,,,,,,,,,,,
Coespir1,Coemansia spiralis,CBS 109367,v1.0,,,,,,,,,,,,
Cokrec1,Cokeromyces recurvatus,NRRL 2243,v1.0,,,,,,,,,,,,
Colch1,Colletotrichum chlorophyti,NTL11,v1.0,,,,,,,,,,,,
Colfi1,Colletotrichum fioriniae,PJ7,v1.0,,,,,,,,,,,,
Colgl1,Colletotrichum gloeosporioides,Cg-14,v1.0,,,,,,,,,,,,
Colgr1,Colletotrichum graminicola,M1.001,v1.0,,,,,,,,,,,,
Colhig2,Colletotrichum higginsianum,IMI 349063,v1.0,,,,,,,,,,,,
Colin1,Colletotrichum incanum,MAFF_238712,v1.0,,,,,,,,,,,,
Colny1,Colletotrichum nymphaeae,SA-01,v1.0,,,,,,,,,,,,
Color1,Colletotrichum orchidophilum,IMI_309357,v1.0,,,,,,,,,,,,
Colorb1,Colletotrichum orbiculare,104-T,v1.0,,,,,,,,,,,,
Colsa1,Colletotrichum salicis,CBS 607.94,v1.0,,,,,,,,,,,,
Colsi1,Colletotrichum simmondsii,CBS 122122,v1.0,,,,,,,,,,,,
Colsub1,Colletotrichum sublineola,TX430BB,v1.0,,,,,,,,,,,,
Colto1,Colletotrichum tofieldiae,0861,v1.0,,,,,,,,,,,,
Conap1,Coniosporium apollinis,CBS 100218,v1.0,,,,,,,,,,,,
Conapa1,Conocybe apala,SZMC-NL-8967,v1.0,,,,,,,,,,,,
Conco1,Conidiobolus coronatus,NRRL 28638,v1.0,,,,,,,,,,,,
Conioc1,Coniochaeta sp.,2T2.1,v1.0,,,,,,,,,,,,
Conli1,Coniochaeta ligniaria,CBS 111746,v1.0,,,,,,,,,,,,
Conlig1,Coniochaeta ligniaria,NRRL 30616,v1.0,,,,,,,,,,,,
Conol1,Coniophora olivacea,MUCL 20566,v1.0,,,,,,,,,,,,
ConPMI546,Coniochaeta sp.,PMI_546,v1.0,,,,,,,,,,,,
Conpu1,Coniophora puteana,,v1.0,,,,,,,,,,,,
Cont1119283,Clitocybe sp.,JGI1119283,v1.0,,,,,,,,,,,,
Conth1,Conidiobolus thromboides,FSU 785,v1.0,,,,,,,,,,,,
Copang1,Coprinellus angulatus,CBS 144469,v1.0,,,,,,,,,,,,
Copci1,Coprinopsis cinerea,Okayama 7-130,v1.0,,,,,,,,,,,,
Copci_AmutBmut1,Coprinopsis cinerea,AmutBmut_pab1-1,v1.0,,,,,,,,,,,,
Copmar1,Coprinopsis marcescibilis,CBS 121175,v1.0,,,,,,,,,,,,
Copmic2,Coprinellus micaceus,FP101781,v2.0,,,,,,,,,,,,
Copph3,Coprinopsis sp.,MPI-PUGE-AT-0042,v1.0,,,,,,,,,,,,
Corbr1,Beauveria brongniartii,RCEF 3172,,,,,,,,,,,,
Corca1,Corynespora cassiicola,CCP,v1.0,,,,,,,,,,,,
Corco1,Lecanicillium lecanii,RCEF 1005,v1.0,,,,,,,,,,,,
Corfu1,Cordyceps fumosorosea,ARSEF 2679,v1.0,,,,,,,,,,,,
Corgl3,Phlegmacium glaucopus,AT_2004_276,v2.0,,,,,,,,,,,,
Corma2,Corollospora maritima,CBS 119819,v2.0,,,,,,,,,,,,
Cormi1,Cordyceps militaris,CM01,v1.0,,,,,,,,,,,,
Cornip1,Boliniaceae sp.,AZ0804,v1.0,,,,,,,,,,,,
CorRAO_2017_1,Cordyceps sp.,RAO_2017,v1.0,,,,,,,,,,,,
Crafun1,Crassisporium funariophilum,CBS 144457,v1.0,,,,,,,,,,,,
Creces1,Crepidotus cesatii,CBS 511.95,v1.0,,,,,,,,,,,,
Crevar1,Crepidotus variabilis,CBS 506.95,v1.0,,,,,,,,,,,,
Crison1,Cristinia sonorae,KKN_215,v1.0,,,,,,,,,,,,
Croqu1,Cronartium quercuum f. sp. fusiforme,G11,v1.0,,,,,,,,,,,,
Crula1,Crucibulum laeve,CBS 166.37,v1.0,,,,,,,,,,,,
Cryam1,Cryptococcus amylolentus,CBS 6039,v1.0,,,,,,,,,,,,
Cryan3,Cryomyces antarcticus,CBS 116301,v3.0,,,,,,,,,,,,
Crycu1,Cryptococcus curvatus,ATCC 20509,v1.0,,,,,,,,,,,,
Cryne_H99_1,Cryptococcus neoformans var. grubii,H99,v1.0,,,,,,,,,,,,
Cryne_JEC21_1,Cryptococcus neoformans var. neoformans,JEC21,v1.0,,,,,,,,,,,,
Crypa2,Cryphonectria parasitica,EP155,v2.0,,,,,,,,,,,,
Crypto1,Cryptodiaporthe sp.,AZ0812,v1.0,,,,,,,,,,,,
Cryte1,Cryptococcus terricola,JCM 24523,v1.0,,,,,,,,,,,,
Crywi1,Filobasidium wieringae,UCDFST 05-544,v1.0,,,,,,,,,,,,
Cucbe1,Cucurbitaria berberidis,CBS 394.84,v1.0,,,,,,,,,,,,
Cunech1,Cunninghamella echinulata,NRRL 1382,v1.0,,,,,,,,,,,,
Currey1,Teichospora sp.,FL1471,v1.0,,,,,,,,,,,,
Cyastr2,Cyathus striatus,AH 40144,v1.0,,,,,,,,,,,,
Cybfa1,Cyberlindnera fabianii,65,v1.0,,,,,,,,,,,,
Cybja1,Cyberlindnera jadinii,NRRL Y-1542,v1.0,,,,,,,,,,,,
Cylto1,Cylindrobasidium torrendii,FP15055,v1.0,,,,,,,,,,,,
Cypeu1,Cyphellophora europaea,CBS 101466,v1.0,,,,,,,,,,,,
Cysmur1,Cystostereum murrayi,CysMur001,v1.0,,,,,,,,,,,,
Cytmel1,Cytidiella melzeri,FP_102339,v1.0,,,,,,,,,,,,
Dacsp1,Dacryopinax primogenitus,DJM_731_SSP1,v1.0,,,,,,,,,,,,
Daequ1,Daedalea quercina,,v1.0,,,,,,,,,,,,
DalEC12_1,Daldinia eschscholtzii,EC12,v1.0,,,,,,,,,,,,
Debfa1,Debaryomyces fabryi,CBS 789,v1.0,,,,,,,,,,,,
Debha1,Debaryomyces hansenii,CBS 767,v1.0,,,,,,,,,,,,
Decga1,Decorospora gaudefroyi,CBS 332.63,v1.0,,,,,,,,,,,,
Dekbr2,Dekkera bruxellensis,CBS 2499,v2.0,,,,,,,,,,,,
Delco1,Delitschia confertaspora,ATCC 74209,v1.0,,,,,,,,,,,,
DelFL0756_1,Valsariales sp.,FL0756,v1.0,,,,,,,,,,,,
Delst1,Delphinella strobiligena,CBS 735.71,v1.0,,,,,,,,,,,,
Denbi1,Dendrothele bispora,CBS 962.96,v1.0,,,,,,,,,,,,
Denmi1,Dendrothele microspora,FP_101998,v1.0,,,,,,,,,,,,
Densp1,Dentipellis sp.,KUC8613,v1.0,,,,,,,,,,,,
Diaam1,Diaporthe ampelina,UCDDA912,v1.0,,,,,,,,,,,,
Diahe1,Diaporthe helianthi,7-96,v1.0,,,,,,,,,,,,
DiaPMI573_1,Diaporthaceae sp.,PMI 573,v1.0,,,,,,,,,,,,
Dicele1,Dichotomocladium elegans,RSA 919-,v1.0,,,,,,,,,,,,
Dicrob1,Dichotomocladium robustum,RSA 2353+,v1.0,,,,,,,,,,,,
Dicsq1,Dichomitus squalens,LYAD-421_SS1,v1.0,,,,,,,,,,,,
Didex1,Didymella exigua,CBS 183.55,v1.0,,,,,,,,,,,,
Didma1,Didymella zeae-maydis,3018,v1.0,,,,,,,,,,,,
Didsa1,Didymocrea sadasivanii,CBS 438.65,v1.0,,,,,,,,,,,,
Digmar1,Digitatispora marina,008cD1.1,v1.0,,,,,,,,,,,,
DimcrSC1,Dimargaris cristalligena,RSA 468_single-cell,v1.0,,,,,,,,,,,,
Dipse1,Diplodia seriata,DS831,v1.0,,,,,,,,,,,,
Disac1,Dissoconium aciculare,,v1.0,,,,,,,,,,,,
Disdec1,Dissophora decumbens,NRRL 22416,v1.0,,,,,,,,,,,,
Disorn1,Dissophora ornata,CBS 347.77,v1.0,,,,,,,,,,,,
Dotse1,Dothistroma septosporum,NZE10,v1.0,,,,,,,,,,,,
Dotsy1,Dothidotthia symphoricarpi,v1.0,,,,,,,,,,,,
Dreco1,Drechmeria coniospora,ARSEF 6962,v1.0,,,,,,,,,,,,
Drest1,Drechslerella stenobrocha,248,v1.0,,,,,,,,,,,,
Earsca1,Earliella scabrosa,CIRM-BRFM_1817,v1.0,,,,,,,,,,,,
Echtin1,Echinodontium tinctorium,Aho-80,v1.0,,,,,,,,,,,,
Edhae1,Edhazardia aedis,USNM 41457,v1.0,,,,,,,,,,,,
Ellano2,Ellisomyces anomalus,CBS 243.57,v2.0,,,,,,,,,,,,
Elmca1,Aporpium caryae,L-13461,v1.0,,,,,,,,,,,,
Elsamp1,Elsinoe ampelina,CECT_20119,v1.0,,,,,,,,,,,,
Emepa1,Emergomyces pasteurianus,UAMH 9510,v1.0,,,,,,,,,,,,
Emmcr1,Emmonsia crescens,UAMH 4076,v1.0,,,,,,,,,,,,
Emmpa1,Emmonsia parva,UAMH 130,v1.0,,,,,,,,,,,,
Enccu1,Encephalitozoon cuniculi,GB-M1,v1.0,,,,,,,,,,,,
Enche1,Encephalitozoon hellem,ATCC 50504,v1.0,,,,,,,,,,,,
Encin1,Encephalitozoon intestinalis,ATCC 50506,v1.0,,,,,,,,,,,,
Encro1,Encephalitozoon romaleae,SJ-2008,v1.0,,,,,,,,,,,,
EndpusZ1,Endocarpon pusillum,Z07020,v1.0,,,,,,,,,,,,
Endsp1,Endogone sp. FLAS-F59071,FLAS_59071,v1.0,,,,,,,,,,,,
Entbi1,Enterocytozoon bieneusi,H348,v1.0,,,,,,,,,,,,
Entca1,Enterospora canceri,GB1,v1.0,,,,,,,,,,,,
Enthe1,Enterocytozoon hepatopenaei,TH1,v1.0,,,,,,,,,,,,
Enthel1,Entophlyctis helioformis,JEL805,v1.0,,,,,,,,,,,,
Epityp1,Epithele typhae,CBS 203.58,v1.0,,,,,,,,,,,,
Erebi1,Eremomyces bilateralis,CBS 781.70,v1.0,,,,,,,,,,,,
Erecy1,Eremothecium cymbalariae,DBVPG 7215,v1.0,,,,,,,,,,,,
Eryha1,Erythrobasidium hasegawianum,ATCC 9536,v1.0,,,,,,,,,,,,
Erynec1,Erysiphe necator,c,v1.0,,,,,,,,,,,,
Erypu1,Erysiphe pulchra,Cflorida,v1.0,,,,,,,,,,,,
Escweb1,Escovopsis weberi,CC031208-10,v1.0,,,,,,,,,,,,
Eurhe1,Eurotium rubrum,,v1.0,,,,,,,,,,,,
Eutla1,Eutypa lata,UCREL1,v1.0,,,,,,,,,,,,
Exigl1,Exidia glandulosa,,v1.0,,,,,,,,,,,,
Exoaq1,Exophiala aquamarina,CBS 119918,v1.0,,,,,,,,,,,,
Exode1,Exophiala dermatitidis,UT8656,v1.0,,,,,,,,,,,,
Exomac1,Exobasidium maculosum,A7-4,v1.0,,,,,,,,,,,,
Exome1,Exophiala mesophila,CBS 40295,v1.0,,,,,,,,,,,,
Exool1,Exophiala oligosperma,CBS 72588,v1.0,,,,,,,,,,,,
Exosi1,Exophiala sideris,CBS 121828,v1.0,,,,,,,,,,,,
Exosp1,Exophiala spinifera,CBS 89968,v1.0,,,,,,,,,,,,
Exova1,Exobasidium vaccinii,MPITM,v1.0,,,,,,,,,,,,
Exoxe1,Exophiala xenobiotica,CBS 118157,v1.0,,,,,,,,,,,,
Felpe1,Fellomyces penicillatus,Phaff54-35,v1.0,,,,,,,,,,,,
Fenfe1,Fenestella fenestrata,ATCC 66461,v1.0,,,,,,,,,,,,
Fenlin1,Fennellomyces sp. T-0311,T-0311,v1.0,,,,,,,,,,,,
FenlinCB54_1,Fennellomyces linderi,CBS 158.54,v1.0,,,,,,,,,,,,
Fibin1,Fibulobasidium inconspicuum,Phaff 89-39,v1.0,,,,,,,,,,,,
Fibra1,Fibroporia radiculosa,TFFH_294,v1.0,,,,,,,,,,,,
Fibsp1,Fibulorhizoctonia psychrophila,CBS 109695,v1.0,,,,,,,,,,,,
Filflo1,Filobasidium floriforme,CBS 6241,v1.0,,,,,,,,,,,,
Fimjon1,Fimicolochytrium jonesii,JEL569,v1.0,,,,,,,,,,,,
Fishe1,Fistulina hepatica,,v1.0,,,,,,,,,,,,
Flafl1,Flavodon flavus,38,v1.0,,,,,,,,,,,,
FlaPMI526_1,Flagelloscypha sp.,PMI_526,v1.0,,,,,,,,,,,,
Fomfom1,Fomes fomentarius,CIRM-BRFM_1821,v1.0,,,,,,,,,,,,
Fomme1,Fomitiporia mediterranea,,v1.0,,,,,,,,,,,,
Fompi3,Fomitopsis schrenkii,FP-58527_SS1,v3.0,,,,,,,,,,,,
Fomros1,Rhodofomes roseus,CIRM-BRFM_1785,v1.0,,,,,,,,,,,,
Foner1,Fonsecaea erecta,CBS 125763,v1.0,,,,,,,,,,,,
Fonmo1,Fonsecaea monophora,CBS 269.37,v1.0,,,,,,,,,,,,
Fonmu1,Fonsecaea multimorphosa,CBS 102226,v1.0,,,,,,,,,,,,
Fonnu1,Fonsecaea nubica,CBS 269.64,v1.0,,,,,,,,,,,,
Fonpe1,Fonsecaea pedrosoi,CBS 271.37,v1.0,,,,,,,,,,,,
Fusco1,Fusarium commune,MPI-SDFR-AT-0072,v1.0,,,,,,,,,,,,
Fuscu1,Fusarium culmorum,UK99,v1.0,,,,,,,,,,,,
Fuseq1,Fusarium sp.,FIESC_12_MPI-CAGE-AA-0113,v1.0,,,,,,,,,,,,
Fusfu1,Fusarium fujikuroi,IMI 58289,v1.0,,,,,,,,,,,,
Fusgr1,Fusarium graminearum,PH-1,v1.0,,,,,,,,,,,,
Fusla1,Fusarium langsethiae,Fl201059,v1.0,,,,,,,,,,,,
Fusma1,Fusarium mangiferae,MRC7560,v1.0,,,,,,,,,,,,
Fusox2,Fusarium oxysporum f. sp. lycopersici,NRRL 4287,v2.0,,,,,,,,,,,,
Fusoxcon1,Fusarium oxysporum f. sp. conglutinans,54008_PHW808,v1.0,,,,,,,,,,,,
Fusoxcub1,Fusarium oxysporum f. sp. cubense tropical race 4,54006_II5,v1.0,,,,,,,,,,,,
FusoxFo47_2,Fusarium oxysporum,Fo47,v2.0,,,,,,,,,,,,
Fusoxlyc1,Fusarium oxysporum f. sp. lycopersici MN25,NRRL 54003,v1.0,,,,,,,,,,,,
Fusoxmel1,Fusarium oxysporum f. sp. melonis,NRRL 26406,v1.0,,,,,,,,,,,,
Fusoxpis1,Fusarium oxysporum f. sp. pisi,HDV247,v1.0,,,,,,,,,,,,
Fusoxrad1,Fusarium oxysporum f. sp. radicis-lycopersici,26381_CL57,v1.0,,,,,,,,,,,,
Fusoxrap1,Fusarium oxysporum f. sp. raphani,54005,v1.0,,,,,,,,,,,,
Fusoxvas1,Fusarium oxysporum f. sp. vasinfectum,25433_Cotton,v1.0,,,,,,,,,,,,
Fuspo1,Fusarium poae,2516,v1.0,,,,,,,,,,,,
Fuspro1,Fusarium proliferatum,ET1,v1.0,,,,,,,,,,,,
Fusps1,Fusarium pseudograminearum,CS3096,v1.0,,,,,,,,,,,,
Fusre1,Fusarium redolens,MPI-CAGE-AT-0023,v1.0,,,,,,,,,,,,
Fusso1,Fusarium solani,FSSC_5,v1.0,,,,,,,,,,,,
Fustri1,Fusarium avenaceum,MPI-SDFR-AT-0044,v1.0,,,,,,,,,,,,
Fusve2,Fusarium verticillioides,7600_v2,v1.0,,,,,,,,,,,,
Fusven1,Fusarium venenatum,MPI-CAGE-CH-0201,v1.0,,,,,,,,,,,,
Gaegr1,Gaeumannomyces graminis var. tritici,R3-111a-1,v1.0,,,,,,,,,,,,
Gaesem1,Gaertneriomyces semiglobifer,Barr_43,v1.0,,,,,,,,,,,,
Galinc1,Galzinia incrustans,CBS 104901,v1.0,,,,,,,,,,,,
Galma1,Galerina marginata,,v1.0,,,,,,,,,,,,
Ganpr1,Gonapodya prolifera,,v1.0,,,,,,,,,,,,
Gansi1,Ganoderma sinense,ZZ0214-1,v1.0,,,,,,,,,,,,
Gansp1,Ganoderma sp.,10597_SS1,v1.0,,,,,,,,,,,,
Gaumor1_1,Gautieria morchelliformis,GMNE.BST,v1.0,,,,,,,,,,,,
Geatri1,Geastrum triplex,GST.BST,v1.0,,,,,,,,,,,,
Gervar1,Geranomyces variabilis,JEL559,v1.0,,,,,,,,,,,,
Gigro1,Gigaspora rosea,,v1.0,,,,,,,,,,,,
Gilper1,Gilbertella persicaria var. persicaria,CBS 190.32-T,v1.0,,,,,,,,,,,,
Glalo1,Glarea lozoyensis,ATCC 20868,v1.0,,,,,,,,,,,,
Glonio1,Gloniopsis sp. FL0384,FL0384,v1.0,,,,,,,,,,,,
Glopol1,Globomyces pollinis-pini,Arg68,v1.0,,,,,,,,,,,,
Glost2,Glonium stellatum,CBS 207.34,v1.0,,,,,,,,,,,,
Glotr1_1,Gloeophyllum trabeum,,v1.0,,,,,,,,,,,,
Gonbut1,Gongronella butleri,,v1.0,,,,,,,,,,,,
Gorhay1,Gorgonomyces haynaldii,MP57,v1.0,,,,,,,,,,,,
Grocl1,Grosmannia clavigera,kw1407,v1.0,,,,,,,,,,,,
Guyne1,Guyanagaster necrorhizus,MCA_3950,v1.0,,,,,,,,,,,,
Gyman1,Gymnopus androsaceus,JB14,v1.0,,,,,,,,,,,,
Gymau1,Gymnascella aurantiaca,,v1.0,,,,,,,,,,,,
Gymch1,Gymnopilus chrysopellus,PR-1187,v1.0,,,,,,,,,,,,
Gymci1_1,Gymnascella citrina,,v1.1,,,,,,,,,,,,
Gymjun1,Gymnopilus junonius,AH_44721,v1.0,,,,,,,,,,,,
Gymlu1,Gymnopus luxurians,,v1.0,,,,,,,,,,,,
Gyresc1,Gyromitra esculenta,CBS 101906,v1.0,,,,,,,,,,,,
Gyrli1,Gyrodon lividus,BX,v1.0,,,,,,,,,,,,
Halrad1,Halteromyces radiatus,CBS 162.75,v1.0,,,,,,,,,,,,
Hangu1,Hanseniaspora guilliermondii,UTAD222,v1.0,,,,,,,,,,,,
Hanop1,Hanseniaspora opuntiae,AWRI3578,v1.0,,,,,,,,,,,,
Hanos1,Hanseniaspora osmophila,AWRI3579,v1.0,,,,,,,,,,,,
Hanpo2,Ogataea polymorpha,NCYC_495_leu1.1,v2.0,,,,,,,,,,,,
Hanuv1,Hanseniaspora uvarum,AWRI3580,v1.0,,,,,,,,,,,,
Hanva1_1,Hanseniaspora valbyensis,NRRL Y-1626,v1.1,,,,,,,,,,,,
Hebcy2,Hebeloma cylindrosporum,h7,v2.0,,,,,,,,,,,,
Hebvel2,Hebeloma brunneifolium,PMI1Jessy,v2.0,,,,,,,,,,,,
Helgr1,Helicocarpus griseus,UAMH 5409,v1.0,,,,,,,,,,,,
Helpul1,Helicostylum pulchrum,RSA 2064,v1.0,,,,,,,,,,,,
Helsul1,Heliocybe sulcata,OMC1185,v1.0,,,,,,,,,,,,
Heper1,Hepatospora eriocheir,GB1,v1.0,,,,,,,,,,,,
Hercor1,Hericium coralloides,FP-101451,v1.0,,,,,,,,,,,,
Herpot1_1,Herpotrichia sp.,AK1299,v1.0,,,,,,,,,,,,
Hesve2finisherSC,Hesseltinella vesiculosa,NRRL 3301,v2.0,,,,,,,,,,,,
Hetan2,Heterobasidion annosum,,v2.0,,,,,,,,,,,,
Hethyg1,Heterodoassansia hygrophilae,CBS 346.65,v1.0,,,,,,,,,,,,
Hetpy1,Heterogastridium pycnidioideum,ATCC MYA-4631,v1.0,,,,,,,,,,,,
Hexnit1,Hexagonia nitida,CIRM-BRFM_1802,v1.0,,,,,,,,,,,,
Hirmi1,Hirsutella minnesotensis,3608,v1.0,,,,,,,,,,,,
Hisca1,Histoplasma capsulatum,NAm1,v1.0,,,,,,,,,,,,
Hompol1,Homolaphlyctis polyrhiza,JEL142,v1.0,,,,,,,,,,,,
Horac1,Hortaea acidophila,CBS 113389,v1.0,,,,,,,,,,,,
Horwer1,Hortaea werneckii,EXF-2000_M0,v1.0,,,,,,,,,,,,
Hyabl1,Hyalopycnis blepharistoma,ATCC 48560,v1.0,,,,,,,,,,,,
Hyacur1,Hyaloraphidium curvatum,SAG235-1,v1.0,,,,,,,,,,,,
Hyafin1,Hyaloscypha finlandica,PMI_746,v1.0,,,,,,,,,,,,
Hydfim1,Hydnopolyporus fimbriatus,CBS384.51,v1.0,,,,,,,,,,,,
Hydpi2,Hydnomerulius pinastri,,v2.0,,,,,,,,,,,,
Hydru2,Hydnum rufescens,UP504,v2.0,,,,,,,,,,,,
Hygaur1,Hygrophoropsis aurantiaca,ATCC 28755,v1.0,,,,,,,,,,,,
Hymrad1,Hymenopellis radicata,IJFM_A160,v1.0,,,,,,,,,,,,
Hymvar1,Tricladium varicosporioides,PMI 453,v1.0,,,,,,,,,,,,
Hypbu1,Hyphopichia burtonii,NRRL Y-1933,v1.0,,,,,,,,,,,,
HypCI4A_1,Hypoxylon sp.,CI-4A,v1.0,,,,,,,,,,,,
HypCO275_1,Hypoxylon sp.,CO27-5,v1.0,,,,,,,,,,,,
HypEC38_3,Hypoxylon sp.,EC38,v3.0,,,,,,,,,,,,
Hypma1,Hypsizygus marmoreus,51987-8,v1.0,,,,,,,,,,,,
Hypsu1,Hypholoma sublateritium,,v1.0,,,,,,,,,,,,
Hyspu1_1,Hysterium pulicare,,v1.0,,,,,,,,,,,,
Hyssto1,Hysterangium stoloniferum,HS.BST,v1.0,,,,,,,,,,,,
Ilyeu1,Ilyonectria sp.,MPI-CAGE-AT-0026,v1.0,,,,,,,,,,,,
Ilyrob1,Ilyonectria robusta,PMI 751,v1.0,,,,,,,,,,,,
Ilysp1,Ilyonectria europaea,PMI 82,v1.0,,,,,,,,,,,,
Irplac1,Irpex lacteus,CCBAS Fr. 238 617-93,v1.0,,,,,,,,,,,,
Jaaar1,Jaapia argillacea,,v1.0,,,,,,,,,,,,
Jahaq1,Jahnula aquatica,CBS 123560,v1.0,,,,,,,,,,,,
Jamsp1,Jaminaea sp.,MCA 5214,v1.0,,,,,,,,,,,,
Jimfl_AD_1,Jimgerdemannia flammicorona,AD002,v1.0,,,,,,,,,,,,
Jimfl_GMNB39_1,Jimgerdemannia flammicorona,GMNB39,v1.0,,,,,,,,,,,,
Jimlac1,Jimgerdemannia lactiflua,OSC166217,v1.0,,,,,,,,,,,,
Kalbr1,Kalmanozyma brasiliensis,GHG001,v1.0,,,,,,,,,,,,
Kalpfe1,Kalaharituber pfeilii,F3,v1.0,,,,,,,,,,,,
Karrh1,Karstenula rhodostoma,CBS 690.94,v1.0,,,,,,,,,,,,
Kazaf1,Kazachstania africana,CBS 2517,v1.0,,,,,,,,,,,,
Kazna1,Kazachstania naganishii,CBS 8797,v1.0,,,,,,,,,,,,
Khuory1,Khuskia oryzae,ATCC 28132,v1.0,,,,,,,,,,,,
Kicala1,Kickxella alabastrina,RSA 675,v1.0,,,,,,,,,,,,
Kircor1,Kirkomyces cordensis,RSA 1222,v1.0,,,,,,,,,,,,
Klula1,Kluyveromyces lactis,CLIB210,v1.0,,,,,,,,,,,,
Kluma1,Kluyveromyces marxianus,DMKU3 1042,v1.0,,,,,,,,,,,,
Kocim1,Kockovaella imperatae,NRRL Y-17943,v1.0,,,,,,,,,,,,
Kurca1,Kuraishia capsulata,CBS 1993,v1.0,,,,,,,,,,,,
Lacaka1,Lactarius akahatsu,QP,v1.0,,,,,,,,,,,,
Lacam2,Laccaria amethystina,LaAM-08-1,v2.0,,,,,,,,,,,,
Lacbi2,Laccaria bicolor,,v2.0,,,,,,,,,,,,
LacCBS6924_1,Lachancea sp.,CBS 6924,v1.0,,,,,,,,,,,,
Lacda1,Lachancea dasiensis,CBS 10888,v1.0,,,,,,,,,,,,
Lacdel1,Lactarius deliciosus,48,v1.0,,,,,,,,,,,,
Lacfe1,Lachancea fermentati,CBS 6772,v1.0,,,,,,,,,,,,
Lachat1,Lactarius hatsudake,109,v1.0,,,,,,,,,,,,
Lachen1,Lactarius hengduanensis,84,v1.0,,,,,,,,,,,,
Lacla1,Lachancea lanzarotensis,CBS 12615,v1.0,,,,,,,,,,,,
Lacme1,Lachancea meyersii,CBS 8951,v1.0,,,,,,,,,,,,
Lacmi1,Lachancea mirantina,CBS 11717,v1.0,,,,,,,,,,,,
Lacno1,Lachancea nothofagi,CBS 11611,v1.0,,,,,,,,,,,,
Lacpsa1,Lactarius psammicola,BPL869,v1.0,,,,,,,,,,,,
Lacpse1,Lactarius pseudohatsudake,88,v1.0,,,,,,,,,,,,
Lacqu1,Lachancea quebecensis,LL2013_164,v1.0,,,,,,,,,,,,
Lacqui1,Lactarius quietus,S23C,v1.0,,,,,,,,,,,,
Lacsan1,Lactarius sanguifluus,B21,v1.0,,,,,,,,,,,,
Lacsub1,Lactifluus subvellereus,BPL653,v1.0,,,,,,,,,,,,
Lacth1,Lachancea thermotolerans,CBS 6340,v1.0,,,,,,,,,,,,
Lacviv1,Lactarius vividus,141,v1.0,,,,,,,,,,,,
Lacvol1,Lactifluus cf. volemus,BPL652,v1.0,,,,,,,,,,,,
Laesu1,Laetiporus sulphureus var. sulphureus,,v1.0,,,,,,,,,,,,
Laxbic1,Laxitextum bicolor,CBS 258.73,v1.0,,,,,,,,,,,,
LecAK0013_1,Lecythophora sp.,AK0013,v1.0,,,,,,,,,,,,
LedB17_3,Lentinula edodes,B17,v1.3,,,,,,,,,,,,
Leisp1,Cubamyces sp.,CIRM-BRFM_1775,v1.0,,,,,,,,,,,,
Lenfl1,Lentithecium fluviatile,,v1.0,,,,,,,,,,,,
Lenpar1,Lentamyces parricidus,NRRL 2409,v1.0,,,,,,,,,,,,
Lenti7_1,Lentinus tigrinus,ALCF2SS1-7,v1.0,,,,,,,,,,,,
Lenvul1,Lentinellus vulpinus,AHS73672-sp,v1.0,,,,,,,,,,,,
Lenzyc1,Lentamyces zychae,NRRL 2806,v1.0,,,,,,,,,,,,
Lepmu1,Leptosphaeria maculans,,v1.0,,,,,,,,,,,,
Lepnud1,Lepista nuda,CBS 247.69,v1.0,,,,,,,,,,,,
Lepor2,Leptodontidium sp.,MPI-SDFR-AT-0119,v2.0,,,,,,,,,,,,
Leppa1,Lepidopterella palustris,,v1.0,,,,,,,,,,,,
Leptod1,Leptodontium sp.,PMI_412,v1.0,,,,,,,,,,,,
Leucr1,Leucosporidiella creatinivora,UCDFST_62-1032,v1.0,,,,,,,,,,,,
Leugo1_1,Leucoagaricus gongylophorus,Ac12,v1.0,,,,,,,,,,,,
Leumo1,Leucogyrophana mollusca,KUC20120723A-06,v1.0,,,,,,,,,,,,
Liccor1,Lichtheimia corymbifera,JMRC FSU 9682,v1.0,,,,,,,,,,,,
Lichy1,Lichtheimia hyalospora,,v1.0,,,,,,,,,,,,
Licra1,Lichtheimia ramosa,JMRC FSU 6197,v1.0,,,,,,,,,,,,
Linin1,Lindgomyces ingoldianus,ATCC 200398,v1.0,,,,,,,,,,,,
Linpe1,Linderina pennispora,ATCC 12442,v1.0,,,,,,,,,,,,
Linrh1,Lineolata rhizophorae,ATCC 16933,v1.0,,,,,,,,,,,,
Linth1,Lindra thalassiae,JK4322,v1.0,,,,,,,,,,,,
Lipst1_1,Lipomyces starkeyi,NRRL Y-11557,v1.0,,,,,,,,,,,,
Lizem1,Lizonia empirigonia,CBS 542.76,v1.0,,,,,,,,,,,,
Lobtra1,Lobosporangium transversale,NRRL 3116,v1.0,,,,,,,,,,,,
Lodelo1,Lodderomyces elongisporus,NRRL YB-4239,v1.0,,,,,,,,,,,,
Lolmi1,Lollipopaia minuta,CBS 116597,v1.0,,,,,,,,,,,,
Lompr1,Lomentospora prolificans,JHH-5317,v1.0,,,,,,,,,,,,
Lophiu1,Mytilinidiaceae sp.,NC0267,v1.0,,,,,,,,,,,,
Lopma1,Lophiostoma macrostomum,,v1.0,,,,,,,,,,,,
Lopmy1,Lophium mytilinum,CBS 269.34,v1.0,,,,,,,,,,,,
Lopni1,Peniophora sp.,CONTA,v1.0,,,,,,,,,,,,
Lopnit1_1,Lophodermium nitens,PLMe3-1-3,v1.0,,,,,,,,,,,,
Lopnu1,Lophiotrema nucula,CBS 627.86,v1.0,,,,,,,,,,,,
Lorju1,Loramyces juncicola,46458,v1.0,,,,,,,,,,,,
Lorma1,Loramyces macrosporus,CBS235.53,v1.0,,,,,,,,,,,,
Lycper1,Lycoperdon perlatum,FP-102459-T,v1.0,,,,,,,,,,,,
Lyoat1,Lyophyllum atratum,CBS 144462,v1.0,,,,,,,,,,,,
Macan1,Macroventuria anomochaeta,CBS 525.71,v1.0,,,,,,,,,,,,
Macfu1,Macrolepiota fuliginosa,MF-IS2,v1.0,,,,,,,,,,,,
Macph1,Macrophomina phaseolina,MS6,v1.0,,,,,,,,,,,,
Macpha1,Macrophomina phaseolina,MPI-SDFR-AT-0080,v1.0,,,,,,,,,,,,
Madmy1,Madurella mycetomatis,mm55,v1.0,,,,,,,,,,,,
Magor1,Pyricularia oryzae,70-15,v3.0,,,,,,,,,,,,
Magpo1,Magnaporthiopsis poae,ATCC 64411,v1.0,,,,,,,,,,,,
Malgl1,Malassezia globosa,,v1.0,,,,,,,,,,,,
Malpa1,Malassezia pachydermatis,CBS 1879,v1.0,,,,,,,,,,,,
Malsy1_1,Malassezia sympodialis,ATCC 42132,v1.0,,,,,,,,,,,,
Malve1,Malassezia vespertilionis,NWHC_44797-103,v1.0,,,,,,,,,,,,
Marbr1,Marssonina brunnea f. sp. multigermtubi,MB_m1,v1.0,,,,,,,,,,,,
Marfi1,Marasmius fiardii,PR-910,v1.0,,,,,,,,,,,,
MarPMI226,Mariannaea sp.,PMI226,v1.0,,,,,,,,,,,,
Marpt1,Martensiomyces pterosporus,CBS 209.56,v1.0,,,,,,,,,,,,
Maseb1,Massarina eburnea,CBS 473.64,v1.0,,,,,,,,,,,,
Masph1,Massariosphaeria phaeospora,CBS 611.86,v1.0,,,,,,,,,,,,
MecolCla_1,Melampsora medusae x Melampsora occidentalis,Clatskanie,v1.0,1195720,,,,,,,,,,,
Meimi1,Meira miltonrushii,MCA_3882,v1.0,,,,,,,,,,,,
Melap1finSC_191,Melampsora allii-populina,12AY07,v1.0,,,,,,,,,,,,
Melbi2,Meliniomyces bicolor,E,v2.0,,,,,,,,,,,,
Melbro1,Melanogaster broomeanus,MBLB.BST,v1.0,,,,,,,,,,,,
Melen1,Melanotaenium endogenum,CBS481.91,v1.0,,,,,,,,,,,,
Melli1,Melampsora lini,CH5,v1.0,,,,,,,,,,,,
MelPMI1271_1,Meliniomyces sp.,PMI 1271,v1.0,,,,,,,,,,,,
Melpu1,Melanomma pulvis-pyrius,,v1.0,,,,,,,,,,,,
Melsp1,Melanconium sp.,NRRL 54901,v1.0,,,,,,,,,,,,
Melti1,Melanospora tiffanyae,F1KG0001,v1.0,,,,,,,,,,,,
Meltu1,Melanops tulasnei,CBS 116805,v1.0,,,,,,,,,,,,
Melva1,Meliniomyces variabilis,F,v1.0,,,,,,,,,,,,
Mereb1,Meredithblackwellia eburnea,MCA 4105,v1.0,,,,,,,,,,,,
Mersum1,Meripilus sumstinei,FP 105329,v1.0,,,,,,,,,,,,
Metac1,Metarhizium acridum,CQMa 102,v1.0,,,,,,,,,,,,
Metal1,Metarhizium album,ARSEF 1941,v1.0,,,,,,,,,,,,
Metani1,Metarhizium anisopliae,ARSEF 549,v1.0,,,,,,,,,,,,
Metbi1,Metschnikowia bicuspidata,NRRL YB-4993,v1.0,,,,,,,,,,,,
Metbr1,Metarhizium brunneum,ARSEF 3297,v1.0,,,,,,,,,,,,
Metfru2,Metschnikowia fructicola,277,v1.0,,,,,,,,,,,,
Metgui1,Metarhizium guizhouense,ARSEF 977,v1.0,,,,,,,,,,,,
Metma1,Metarhizium majus,ARSEF 297,v1.0,,,,,,,,,,,,
Metri1,Metarhizium rileyi,RCEF 4871,v1.0,,,,,,,,,,,,
Metro1,Metarhizium robertsii,ARSEF 23,v1.0,,,,,,,,,,,,
Meygui1,Meyerozyma guilliermondii,ATCC 6260,v1.0,,,,,,,,,,,,
Micbo1,Microdochium bolleyi,J235TASD1,v1.0,,,,,,,,,,,,
Micca1,Microsporum canis,CBS 113480,v1.0,,,,,,,,,,,,
Micin1,Microbotryum intermedium,1389_BM_12_12,v1.0,,,,,,,,,,,,
Micld1,Microbotryum lychnidis-dioicae,p1A1 Lamole,v1.0,,,,,,,,,,,,
Micmi1,Microthyrium microscopicum,CBS 115976,v1.0,,,,,,,,,,,,
Microd1,Microdiplodia sp.,AK1800,v1.0,,,,,,,,,,,,
Mictr1,Microascus trigonosporus,CBS 218.31,v1.0,,,,,,,,,,,,
Mitdap1,Mitosporidium daphniae,UGP3,v1.0,,,,,,,,,,,,
Mixos1,Mixia osmundae,IAM_14324,v1.0,,,,,,,,,,,,
Moeaph1,Moesziomyces aphidis,DSM 70725,v1.0,,,,,,,,,,,,
Moeli1,Moelleriella libera,RCEF 2490,v1.0,,,,,,,,,,,,
Monha1,Monacrosporium haptotylum,CBS 200.50,v1.0,,,,,,,,,,,,
Monili2,Moniliella sp.,MCA_3643,v1.0,,,,,,,,,,,,
Monpe1_1,Moniliophthora perniciosa,FA553,v1.0,,,,,,,,,,,,
Monpu1,Monascus purpureus,,v1.0,,,,,,,,,,,,
Monru1,Monascus ruber,NRRL 1597,v1.0,,,,,,,,,,,,
Moramb1,Mortierella ambigua,NRRL 28271,v1.0,,,,,,,,,,,,
Morel2,Mortierella elongata,AG-77,v2.0,,,,,,,,,,,,
Morimp1,Morchella importuna,SCYDJ1-A1,v1.0,,,,,,,,,,,,
Mormul1,Mortierella multidivaricata,RSA 2152_T,v1.0,,,,,,,,,,,,
Morsel1,Lunasporangiospora selenospora,KOD1015,v1.0,,,,,,,,,,,,
Morwol1,Mortierella wolfii,NRRL 6351,v1.0,,,,,,,,,,,,
Mrafri1,Mrakia frigida,ATCC 22029,v1.0,,,,,,,,,,,,
MroMCA2997_1,Moniliophthora roreri,MCA 2997,v1.0,,,,,,,,,,,,
Mucam1,Mucor ambiguus,NBRC 6742,v1.0,,,,,,,,,,,,
Mucci2,Mucor lusitanicus,CBS 277.49,v2.0,,,,,,,,,,,,
Muccir1_3,Mucor lusitanicus,MU402,v1.0,,,,,,,,,,,,
Muccirc1,Mucor circinelloides f. circinelloides,1006PhL,v1.0,,,,,,,,,,,,
Mucend1,Mucor endophyticus,UBOCC-A-113049,v1.0,,,,,,,,,,,,
Mucfus1,Mucor fuscus,UBOCC-A-109160,v1.0,,,,,,,,,,,,
Muclan1,Mucor lanceolatus,UBOCC-A-109153 ,v1.0,,,,,,,,,,,,
Mucmuc1,Mucor mucedo,NRRL 3635,v1.0,,,,,,,,,,,,
Mucrac1,Mucor racemosus,UBOCC-A-109155,v1.0,,,,,,,,,,,,
Muloch1,Multifurca ochricompacta,BPL690,v1.0,,,,,,,,,,,,
Mutel1,Mutinus elegans,ME.BST,v1.0,,,,,,,,,,,,
Mycafr1,Mycotypha africana,NRRL 2978,v1.0,,,,,,,,,,,,
Myceu1,Mycosphaerella eumusae,CBS 114824,v1.0,,,,,,,,,,,,
Mycfi2,Pseudocercospora fijiensis,CIRAD86,v2.0,1873960,,,,,,,,,,,
Mycgal1,Mycena galopus,ATCC-62051,v1.0,,,,,,,,,,,,
Mycgr3,Mycosphaerella graminicola,,v2.0,,,,,,,,,,,,
Mycind1,Mycotypha indica,IMI_211999,v1.0,,,,,,,,,,,,
Myrdu1,Myriangium duriaei,CBS 260.36,v1.0,,,,,,,,,,,,
Myrian1,Myriangiaceae sp.,NC1570,v1.0,,,,,,,,,,,,
Myrin1,Myrothecium inundatum,CBS 120646,v1.0,,,,,,,,,,,,
Mytre1,Mytilinidion resinicola,CBS 304.34,v1.0,,,,,,,,,,,,
Myxme1,Myxozyma melibiosi,Phaff_52-87,v1.0,,,,,,,,,,,,
Nadfu1,Nadsonia fulvescens,var._elongata_DSM_6958,v1.0,,,,,,,,,,,,
Nagvi1,Naganishia vishniacii,ANT03-052,v1.1,,,,,,,,,,,,
Naifl1,Naiadella fluitans,ATCC 64713,v1.0,,,,,,,,,,,,
Nakbac1,Nakaseomyces bacillisporus,CBS 7720,v1.0,,,,,,,,,,,,
Nakdel1,Nakaseomyces delphensis,CBS 2170,v1.0,,,,,,,,,,,,
Nakwi1,Nakazawaea wickerhamii,NRRL Y-2563,v1.0,,,,,,,,,,,,
Nangy1,Nannizzia gypsea,CBS 118893,v1.0,,,,,,,,,,,,
Naose1,Naohidea sebacea,CBS 8477_P95,v1.0,,,,,,,,,,,,
Nauca1,Naumovozyma castellii,CBS 4309,v1.0,,,,,,,,,,,,
Nauda1,Naumovozyma dairenensis,CBS 421,v1.0,,,,,,,,,,,,
Necha2,Fusarium vanettenii,77-13-4,v2.0,,,,,,,,,,,,
Necsp1,Nectriopsis sporangiicola,NRRL 22127,v1.0,,,,,,,,,,,,
Nemdi1,Nematocida displodere,JUm2807,v1.0,,,,,,,,,,,,
Nempa1,Nematocida parisii,ERTm1,v1.0,,,,,,,,,,,,
Neodi1,Neonectria ditissima,R0905,v1.0,,,,,,,,,,,,
Neofi1,Neosartorya fischeri,NRRL 181,v1.0,,,,,,,,,,,,
Neoirr1,Neolecta irregularis,DAH-1,v1.0,,,,,,,,,,,,
Neole1,Neolentinus lepideus,,v1.0,,,,,,,,,,,,
Neopa1,Neofusicoccum parvum,UCRNP2,v1.0,,,,,,,,,,,,
Neosp1,Neocallimastix californiae,G1,v1.0,,,,,,,,,,,,
Neucr2,Neurospora crassa,OR74A,v2.0,,,,,,,,,,,,
Neudi1,Neurospora discreta,FGSC 8579 mat A,v1.0,,,,,,,,,,,,
Neute_matA2,Neurospora tetrasperma,FGSC 2508 mat A,v2.0,,,,,,,,,,,,
Niavib1,Nia vibrissa,CBS 119815,v1.0,,,,,,,,,,,,
Nieex1,Niesslia exilis,CBS 358.70,v1.0,,,,,,,,,,,,
Nosap1,Nosema apis,BRL 01,v1.0,,,,,,,,,,,,
Nosbo1,Nosema bombycis,CQ1,v1.0,,,,,,,,,,,,
Nosce1,Nosema ceranae,BRL01,v1.0,,,,,,,,,,,,
Obbri1,Obba rivulosa,3A-2,v1.0,,,,,,,,,,,,
Obemuc1,Obelidium mucronatum,JEL802,v1.0,,,,,,,,,,,,
Ogapa1,Ogataea parapolymorpha,DL-1,v1.0,,,,,,,,,,,,
Oidma1,Oidiodendron maius,Zn,v1.0,,,,,,,,,,,,
Olpbor1,Olpidium bornovanus,UBC F19785,v1.0,,,,,,,,,,,,
Ompol1,Omphalotus olearius,,v1.0,,,,,,,,,,,,
Ophau1,Ophiocordyceps australis,Map64,v1.0,,,,,,,,,,,,
Ophca1,Ophiocordyceps camponoti-rufipedis,Map16,v1.0,,,,,,,,,,,,
Ophdi1,Ophiobolus disseminans,CBS 113818,v1.0,,,,,,,,,,,,
Ophnu1,Ophiostoma novo-ulmi subsp. novo-ulmi,H327,v1.0,,,,,,,,,,,,
Ophpi1,Ophiostoma piliferum,,v1.0,,,,,,,,,,,,
Ophpic1,Ophiostoma piceae,UAMH 11346,v1.0,,,,,,,,,,,,
OphPMI507_1,Ophiostoma sp.,PMI 507,v1.0,,,,,,,,,,,,
Ophsi1,Ophiocordyceps sinensis,IOZ07,v1.0,,,,,,,,,,,,
Ophun1,Ophiocordyceps kimflemingiae,SC16a,v1.0,,,,,,,,,,,,
Ordco1,Ordospora colligata,OC4,v1.0,,,,,,,,,,,,
Orpsp1_1,Orpinomyces sp.,,v1.0,,,,,,,,,,,,
Oudmuc1,Oudemansiella mucida,CBS 558.79,v1.0,,,,,,,,,,,,
Pacta1_2,Pachysolen tannophilus,NRRL Y-2460,v1.2,,,,,,,,,,,,
Paevar1,Paecilomyces variotii,CBS 101075,v1.0,,,,,,,,,,,,
Panpap1,Panaeolus papilionaceus,CIRM-BRFM_715,v1.0,,,,,,,,,,,,
Panru1,Panus rudis,PR-1116_ss-1,v1.0,,,,,,,,,,,,
Panst_KUC8834_1_1,Panellus stipticus,KUC8834,v1.1,,,,,,,,,,,,
Panst_LUM_1_1,Panellus stipticus,LUM,v1.0,,,,,,,,,,,,
Papla1,Papiliotrema laurentii,5307AH,v1.0,,,,,,,,,,,,
Parbra1,Paracoccidioides brasiliensis,Pb18,v1.0,,,,,,,,,,,,
Parlu1,Paracoccidioides lutzii,Pb01,v1.0,,,,,,,,,,,,
Parpar1,Parasitella parasitica,,v1.0,,,,,,,,,,,,
Parpo1,Parauncinula polyspora,,v1.0,,,,,,,,,,,,
Parsa1,Paramicrosporidium saccamoebae,KSL3,v1.0,,,,,,,,,,,,
Parsed1,Paraphysoderma sedebokerense,JEL821,v1.0,,,,,,,,,,,,
Parsp1,Paraconiothyrium sporulosum,AP3s5-JAC2a,v1.0,,,,,,,,,,,,
Patat1,Patellaria atrata,,v1.0,,,,,,,,,,,,
Paxam1,Paxillus ammoniavirescens,Pou09.2,v1.0,,,,,,,,,,,,
Paxin1,Paxillus involutus,ATCC 200175,v1.0,,,,,,,,,,,,
Paxru2,Paxillus adelphus,Ve08.2h10,v2.0,,,,,,,,,,,,
Penant1,Penicillium antarcticum,IBT 31811,v1.0,,,,,,,,,,,,
Penar1,Penicillium arizonense,CBS 141311,v1.0,,,,,,,,,,,,
Penbr2,Penicillium brevicompactum,1011305,v2.0,,,,,,,,,,,,
Penbra1,Penicillium brasilianum,MG11,v1.0,,,,,,,,,,,,
Pencam1,Penicillium camemberti,FM 013,v1.0,,,,,,,,,,,,
Pench1,Penicillium chrysogenum,,v1.0,,,,,,,,,,,,
Pencit1,Penicillium citreonigrum,cont_1189274,v1.0,,,,,,,,,,,,
Pencop1,Penicillium coprophilum,IBT 31321,v1.0,,,,,,,,,,,,
Pendec1,Penicillium decumbens,IBT 11843,v1.0,,,,,,,,,,,,
Pendi1,Penicillium digitatum,PHI 26,v1.0,,,,,,,,,,,,
Pendig1,Penicillium digitatum,Pd1,v1.0,,,,,,,,,,,,
Penexp1,Penicillium expansum,d1,v1.0,,,,,,,,,,,,
Penfla1,Penicillium flavigenum,IBT 14082,v1.0,,,,,,,,,,,,
Penfr1,Penicillium freii,DAOM 242723,v1.0,,,,,,,,,,,,
Pengri1,Penicillium griseofulvum,PG3,v1.0,,,,,,,,,,,,
Penita1,Penicillium italicum,PHI-1,v1.0,,,,,,,,,,,,
Pennal1,Penicillium nalgiovense,FM193,v1.0,,,,,,,,,,,,
Pennord1,Penicillium nordicum,DAOMC 185683,v1.0,,,,,,,,,,,,
Penoc1,Penicillium occitanis,CL100,v1.0,,,,,,,,,,,,
Penox1,Penicillium oxalicum,114-2,v1.0,,,,,,,,,,,,
Penpol1,Penicillium polonicum,IBT 4502,v1.0,,,,,,,,,,,,
Penro1,Penicillium roqueforti,FM164,v1.0,,,,,,,,,,,,
Pensol1,Penicillium solitum,IBT 29525,v1.0,,,,,,,,,,,,
Penste1,Penicillium steckii,IBT 24891,v1.0,,,,,,,,,,,,
Pensub1,Penicillium subrubescens,CBS 132785,v1.0,,,,,,,,,,,,
Penth1,Penicillium thymicola,DAOMC_180753,v1.0,,,,,,,,,,,,
Penvul1,Penicillium vulpinum,IBT 29486,v1.0,,,,,,,,,,,,
Perma1,Periconia macrospinosa,DSE2036,v1.0,,,,,,,,,,,,
Pesfi1,Pestalotiopsis fici,W106-1,v1.0,,,,,,,,,,,,
Pestal1,Pestalotiopsis sp.,NC0098,v1.0,,,,,,,,,,,,
Petxy1,Peterozyma xylosa,NRRL Y-12939,v1.0,,,,,,,,,,,,
Phaal1,Phaeoacremonium aleophilum,UCRPA7,v1.0,,,,,,,,,,,,
Phaart1,Phascolomyces articulosus,,v1.0,,,,,,,,,,,,
Phaca1,Phanerochaete carnosa,HHB-10118-Sp,v1.0,,,,,,,,,,,,
Phach1,Phaeomoniella chlamydospora,UCRPC4,v1.0,,,,,,,,,,,,
PhaeoFL0889_1,Phaeoacremonium sp.,FL0889,v1.0,,,,,,,,,,,,
Phapla1,Phaeosolenia platensis,CBS 268.64,v1.0,,,,,,,,,,,,
PhaPMI808,Phaeosphaeriaceae sp.,PMI_808,v1.0,,,,,,,,,,,,
Phcapit2,Phyllosticta capitalensis,CBS 111638,v2.0,,,,,,,,,,,,
Phchr2,Phanerochaete chrysosporium,RP-78,v2.2,,,,,,,,,,,,
Phcit1,Phyllosticta citribraziliensis,CBS 100098,v1.0,,,,,,,,,,,,
Phcitr1,Phyllosticta citrichinensis,CBS 130529,v1.0,,,,,,,,,,,,
Pheno1,Phellinus noxius,FFPRI411160,v1.0,,,,,,,,,,,,
Phiatt1,Cyphellophora attinorum,CBS 131958,v1.0,,,,,,,,,,,,
Phimu1,Leotiomycetes sp.,MPI-SDFR-AT-0126,v1.0,,,,,,,,,,,,
Phisc1,Phialocephala scopiformis,5WS22E1,v1.0,,,,,,,,,,,,
Phisu1,Phialocephala subalpina,UAMH 11012,v1.0,,,,,,,,,,,,
Phlbr1,Phlebia brevispora,HHB-7030_SS6,v1.0,,,,,,,,,,,,
Phlcen1,Phlebia centrifuga,FBCC195,v1.0,,,,,,,,,,,,
Phlgi1,Phlebiopsis gigantea,,v1.0,,,,,,,,,,,,
Phlrad1,Phlebia radiata,FBCC0043,v1.0,,,,,,,,,,,,
Phoaln1,Pholiota alnicola,AH 47727,v1.0,,,,,,,,,,,,
Phocon1,Pholiota conissans,CIRM-BRFM_674,v1.0,,,,,,,,,,,,
Phohig1,Pholiota molesta,CBS 144467,v1.0,,,,,,,,,,,,
Phomu1,Ectophoma multirostrata,7a,v1.0,,,,,,,,,,,,
Photr1,Phoma tracheiphila,IPT5,v1.0,,,,,,,,,,,,
Phy27169,Phyllosticta paracitricarpa,CBS 141357,v1.0,,,,,,,,,,,,
Phybl2,Phycomyces blakesleeanus,NRRL1555,v2.0,,,,,,,,,,,,
Phycap1,Phyllosticta capitalensis,CBS 128856,v1.0,,,,,,,,,,,,
Phycit1,Phyllosticta citriasiana,CBS 120486,v1.0,,,,,,,,,,,,
Phycitr1,Phyllosticta citricarpa,CBS 127454,v1.0,,,,,,,,,,,,
Phycpc1,Phyllosticta sp.,CPC 27913,v1.0,,,,,,,,,,,,
Pickud1,Pichia kudriavzevii,CBS 573,v1.0,,,,,,,,,,,,
Picme2,Pichia membranifaciens,,v2.0,,,,,,,,,,,,
Picpa1,Pichia pastoris,,v1.0,,,,,,,,,,,,
Picst3,Scheffersomyces stipitis,NRRL Y-11545,v2.0,,,,,,,,,,,,
Pieho1_1,Piedraia hortae,CBS 480.64,v1.1,,,,,,,,,,,,
Pilano1,Pilaira anomala,RSA1997,v1.0,,,,,,,,,,,,
Pilcr1,Piloderma olivaceum,F_1598,v1.0,,,,,,,,,,,,
Pilidi1,Coniella lustricola,B22-T-1,v1.0,,,,,,,,,,,,
Pilumb1,Pilobolus umbonatus,NRRL 6349,v1.0,,,,,,,,,,,,
Pipbet1_1,Fomitopsis betulina,CIRM-BRFM_1772,v1.1,,,,,,,,,,,,
Pipcy3_1,Piptocephalis cylindrospora,RSA 2659_single-cell,v3.0,,,,,,,,,,,,
Piptie1,Piptocephalis tieghemiana,RSA 1565,v1.0,,,,,,,,,,,,
PirE2_1,Piromyces sp.,E2,v1.0,,,,,,,,,,,,
Pirfi3,Piromyces finnis,,v3.0,,,,,,,,,,,,
Pirin1,Piriformospora indica,DSM 11827,v1.0,,,,,,,,,,,,
Pismi2,Pisolithus microcarpus,441,v2.0,,,,,,,,,,,,
Pisti2,Pisolithus tinctorius,Marx_270,v2.0,,,,,,,,,,,,
Pleav1,Halojulella avicenniae,ATCC 66911,v1.0,,,,,,,,,,,,
Plecto1,Xylariales sp.,AK1849,v1.0,,,,,,,,,,,,
Pleery1,Pleurotus eryngii,ATCC 90797,v1.0,,,,,,,,,,,,
Plemel1,Plectania melastoma,CBS 918.72,v1.0,,,,,,,,,,,,
PleosPC15_2,Pleurotus ostreatus,PC15,v2.0,,,,,,,,,,,,
PlePMI138_1,Pleosporaceae sp.,PMI 138,v1.0,,,,,,,,,,,,
Plesi1,Pleomassaria siparia,,v1.0,,,,,,,,,,,,
Plicr1,Plicaturopsis crispa,,v1.0,,,,,,,,,,,,
Plucer1,Pluteus cervinus,NL-1719,v1.0,,,,,,,,,,,,
Pneca1,Pneumocystis carinii,B80,v1.0,,,,,,,,,,,,
Pnejir1,Pneumocystis jirovecii,RU7,v1.0,,,,,,,,,,,,
PnitS608_1,Phycomyces nitens,S608,v1.0,,,,,,,,,,,,
Pocchl1,Pochonia chlamydosporia,170,v1.0,,,,,,,,,,,,
Podan3,Podospora anserina,S_mat+,v1.0,,,,,,,,,,,,
Polagg1_1,Polychytrium aggregatum,JEL109,v1.0,,,,,,,,,,,,
Polar1,Polyporus arcularius,,v1.0,,,,,,,,,,,,
Polbr1,Polyporus brumalis,CIRM-BRFM_1820,v1.0,,,,,,,,,,,,
Polci1,Polychaeton citri,,v1.0,,,,,,,,,,,,
Polfu1,Polyplosphaeria fusca,CBS 125425,v1.0,,,,,,,,,,,,
Polhy1,Polytolypa hystricis,UAMH 7299,v1.0,,,,,,,,,,,,
Polsqu1,Polyporus squamosus,CCBS 676,v1.0,,,,,,,,,,,,
Porchr1,Porodaedalea chrysoloma,FP-135951,v1.0,,,,,,,,,,,,
Pornie1_2,Porodaedalea niemelaei,PN71-100-IP13,v1.0,,,,,,,,,,,,
Pospl1,Postia placenta,MAD_698-R,v1.0,,,,,,,,,,,,
PosplRSB12_1,Postia placenta,MAD-698-R-SB12,v1.0,,,,,,,,,,,,
Powhir1,Powellomyces hirtus,BR81,v1.0,,,,,,,,,,,,
Proin1,Protomyces inouyei,,v1.0,,,,,,,,,,,,
Prola1,Protomyces lactucae-debilis,12-1054,v1.0,,,,,,,,,,,,
Pse03VT05_1,Pseudogymnoascus sp.,03VT05,v1.0,,,,,,,,,,,,
Psean1_1,Pseudozyma antarctica,T-34,v1.0,,,,,,,,,,,,
Pseel1,Pseudographis elatina,,v1.0,,,,,,,,,,,,
Psefl1,Pseudozyma flocculosa,PF-1,v1.0,,,,,,,,,,,,
Psehu1,Pseudozyma hubeiensis,SY62,v1.0,,,,,,,,,,,,
Psehy1,Pseudovirgaria hyperparasitica,CBS 121739,v1.0,,,,,,,,,,,,
Psemus1,Pseudocercospora musae,CBS 116634,v1.0,,,,,,,,,,,,
Pseneu1,Pseudoloma neurophilia,MK1,v1.0,,,,,,,,,,,,
Pseudest1,Pseudogymnoascus destructans,20631-21,v1.0,,,,,,,,,,,,
Pseule1,Pseudocercospora ulei,ERN8,v1.0,,,,,,,,,,,,
Pseve2,Pseudomassariella vexata,CBS 129021,v1.0,,,,,,,,,,,,
Psever1,Pseudogymnoascus verrucosus,UAMH 10579,v1.0,,,,,,,,,,,,
PseVKM103_1,Pseudogymnoascus sp.,VKM_F-103,v1.0,,,,,,,,,,,,
Psicub1_1,Psilocybe cubensis,,v1.0,,,,,,,,,,,,
Psiser1,Psilocybe serbica,,v1.0,,,,,,,,,,,,
Ptegra1,Pterula gracilis,CBS309.79,v1.0,,,,,,,,,,,,
PuccoNC29_1,Puccinia coronata f. sp. avenae,12NC29,v1.0,,,,,,,,,,,,
PuccoSD80_1,Puccinia coronata f. sp. avenae,12SD80,v1.0,,,,,,,,,,,,
Pucgr2,Puccinia graminis f. sp. tritici,,v2.0,,,,,,,,,,,,
Puctr1,Puccinia triticina,1-1 BBBD Race 1,v1.0,,,,,,,,,,,,
Punst1,Punctularia strigosozonata,,v1.0,,,,,,,,,,,,
Purli1,Purpureocillium lilacinum,PLFJ-1,v1.0,,,,,,,,,,,,
Pursp1,Purpureocillium sp.,UdeA0106,v1.0,,,,,,,,,,,,
Pycci1,Pycnoporus cinnabarinus,CIRM-BRFM_137,v1.0,,,,,,,,,,,,
Pycco1,Pycnoporus coccineus,CIRM-BRFM_310,v1.0,,,,,,,,,,,,
Pycpun1,Pycnoporus puniceus,CIRM-BRFM_1868,v1.0,,,,,,,,,,,,
Pycsa1,Trametes sanguineus,CIRM-BRFM_1264,v1.0,,,,,,,,,,,,
Pyrco1,Pyronema confluens,CBS 100304,v1.0,,,,,,,,,,,,
Pyrsp1,Pyrenochaeta sp.,DS3sAY3a,v1.0,,,,,,,,,,,,
Pyrtr1,Pyrenophora tritici-repentis,,v1.0,,,,,,,,,,,,
Pyrtt1,Pyrenophora teres f. teres,,v1.0,,,,,,,,,,,,
Radspe1,Radiomyces spectabilis,NRRL 2753,v1.0,,,,,,,,,,,,
Ramac1,Ramaria rubella,UT-36052-T,v1.0,,,,,,,,,,,,
Rambr1,Ramicandelaber brevisporus,CBS 109374,v1.0,,,,,,,,,,,,
Rhanym2_1,Rhamphospora nymphaeae,CBS 172.38,v1.0,,,,,,,,,,,,
Rhice1_1,Glomus cerebriforme,DAOM 227022,v1.0,,,,,,,,,,,,
Rhich1,Rhizopus microsporus var. chinensis,CCTCC_M201021,v1.0,,,,,,,,,,,,
Rhicl1,Rhizophagus clarus,HR1,v1.0,,,,,,,,,,,,
Rhidi1,Oehlia diaphana,,v1.0,118614,,,,,,,,,,,
Rhier1,Rhizoscyphus ericae,UAMH 7357,v1.0,,,,,,,,,,,,
Rhihy1,Rhizoclosmatium globosum,JEL800,v1.0,,,,,,,,,,,,
Rhiir2_1,Rhizophagus irregularis,DAOM 197198,v1.0,,,,,,,,,,,,
Rhili1,Rhizodiscina lignyota,CBS 133067,v1.0,,,,,,,,,,,,
Rhima1,Rhinocladiella mackenziei,CBS 650.93,v1.0,,,,,,,,,,,,
Rhimi1_1,Rhizopus microsporus,var._microsporus_ATCC52813,v1.0,,,,,,,,,,,,
Rhimi_ATCC11559_1,Rhizopus microsporus,ATCC11559,v2.0,,,,,,,,,,,,
Rhior3,Rhizopus delemar,99-880,v1.0,,,,,,,,,,,,
Rhisol1,Rhizoctonia solani,AG-3 Rhs1AP,v1.0,,,,,,,,,,,,
Rhisto1,Rhizopus stolonifer,NRRL 66455,v1.0,,,,,,,,,,,,
Rhitru1,Rhizopogon truncatus,FC74,v1.0,,,,,,,,,,,,
Rhiund1,Rhizina undulata,CBS 300.56,v1.0,,,,,,,,,,,,
Rhives1,Rhizopogon vesiculosus,,v1.0,,,,,,,,,,,,
Rhivi1,Rhizopogon vinicolor,AM-OR11-026,v1.0,,,,,,,,,,,,
Rhivul1,Rhizopogon vulgaris,FC72,v1.0,,,,,,,,,,,,
Rhoba1_1,Rhodotorula graminis,WP1,v1.1,,,,,,,,,,,,
Rhobut1_1,Rhodocollybia butyracea,AH_40177,v1.0,,,,,,,,,,,,
Rhodsp1,Pseudomicrostroma glucosiphilum,MCA 4718,v1.0,,,,,,,,,,,,
Rhoglu91_1,Rhodotorula glutinis,ATCC 204091,v1.0,,,,,,,,,,,,
Rhomi1,Cystobasidium minutum,MCA_4210,v1.0,,,,,,,,,,,,
Rhosp1,Rhodotorula sp.,JG-1b,v1.0,,,,,,,,,,,,
Rhota1,Rhodotorula taiwanensis,MD1149,v1.0,,,,,,,,,,,,
Rhoto_IFO0880_4,Rhodosporidium toruloides,IFO0880,v4.0,,,,,,,,,,,,
Rhyag1,Rhynchosporium agropyri,04CH_RACA61,v1.0,,,,,,,,,,,,
Rhyco1,Rhynchosporium commune,UK7,v1.0,,,,,,,,,,,,
Rhyru1_1,Rhytidhysteron rufulum,,v1.0,,,,,,,,,,,,
Rhyse1,Rhynchosporium secalis,02CH4_6a1,v1.0,,,,,,,,,,,,
Ricfib1,Rickenella fibula,HBK330-10,v1.0,,,,,,,,,,,,
Ricme1,Peniophora sp.,,v1.0,,,,,,,,,,,,
Ricmel1,Rickenella mellea,SZMC22713,v1.0,,,,,,,,,,,,
Rigmic1,Rigidoporus microporus,ED310,v1.0,,,,,,,,,,,,
Rosne1,Rosellinia necatrix,W97,v1.0,,,,,,,,,,,,
Rozal1_1,Rozella allomycis,CSF55,v1.0,,,,,,,,,,,,
Rozal_SC1,Rozella allomycis,CSF55_single-cell,v1.0,,,,,,,,,,,,
Rusbre1,Russula brevipes,BPL707,v1.0,,,,,,,,,,,,
Ruscom1,Russula compacta,BPL669,v1.0,,,,,,,,,,,,
Rusdis1,Russula dissimulans,BPL704,v1.0,,,,,,,,,,,,
Rusear1,Russula earlei,BPL698,v1.0,,,,,,,,,,,,
Ruseme1,Russula emetica,Pilba,v1.0,,,,,,,,,,,,
Rusoch1,Russula ochroleuca,Pilba,v1.0,,,,,,,,,,,,
Rusrug1,Russula rugulosa,BPL654,v1.0,,,,,,,,,,,,
Rusvin1,Russula vinacea,BPL710,v1.0,,,,,,,,,,,,
Rutfi1,Rutstroemia firma,CBS 115.86,v1.0,,,,,,,,,,,,
Sacarb1,Saccharomyces arboricola,H-6,v1.0,,,,,,,,,,,,
SacAshbya_1,[Ashbya] aceris (nom. inval.),FD-2008,v1.0,566037,,,,,,,,,,,
Sacboulardii_1,Saccharomyces boulardii,unique28,v1.0,,,,,,,,,,,,
Sacca1,Saccharomycopsis capsularis,NRRL Y-17639,v1.0,,,,,,,,,,,,
Sacce1,Saccharomyces cerevisiae,S288C,v1.0,,,,,,,,,,,,
SacceM3838_1,Saccharomyces cerevisiae,M3838,v1.0,,,,,,,,,,,,
Saceu1,Saccharomyces eubayanus,FM1318,v1.0,,,,,,,,,,,,
Sacpr1,Saccharata proteae,CBS 121410,v1.0,,,,,,,,,,,,
Saico1,Saitoella complicata,NRRL Y-17804,v1.0,,,,,,,,,,,,
Sakvas1,Saksenaea vasiformis,B4078,v1.0,,,,,,,,,,,,
Sarco1,Sarcoscypha coccinea,ATCC 58028,v1.0,,,,,,,,,,,,
Satdi1,Saturnispora dispora,NRRL Y-1447,v1.0,,,,,,,,,,,,
Sceap1,Scedosporium apiospermum,IHEM 14462,v1.0,,,,,,,,,,,,
Schco3,Schizophyllum commune,H4-8,v3.0,,,,,,,,,,,,
Schcy1,Schizosaccharomyces cryophilus,OY26,v1.0,,,,,,,,,,,,
Schja1,Schizosaccharomyces japonicus,yFS275,v1.0,,,,,,,,,,,,
Schoc1,Schizosaccharomyces octosporus,yFS286,v1.0,,,,,,,,,,,,
Schpa1,Schizopora paradoxa,KUC8140,v1.0,,,,,,,,,,,,
Schpo1,Schizosaccharomyces pombe,,v1.0,,,,,,,,,,,,
Sclci1,Scleroderma citrinum,Foug_A,v1.0,,,,,,,,,,,,
Sclhys1_1,Sclerogaster hysterangioides,SCL2.BST,v1.0,,,,,,,,,,,,
Sclsan1,Sclerophora sanguinea,CBS100924,v1.0,,,,,,,,,,,,
Sclsc1,Sclerotinia sclerotiorum,,v1.0,,,,,,,,,,,,
Scysp1_1,Scytinostroma sp.,KUC9335,v1.0,,,,,,,,,,,,
Sebve1,Sebacina vermifera,MAFF 305830,v1.0,,,,,,,,,,,,
Sepmu1,Septoria musiva,SO2202,v1.0,,,,,,,,,,,,
Seppo1,Septoria populicola,,v1.0,,,,,,,,,,,,
Sepsp1,Septobasidium sp.,PNB30-8B,v1.0,,,,,,,,,,,,
SerlaS7_9_2,Serpula lacrymans,S7.9,v2.0,,,,,,,,,,,,
Serla_varsha1,Serpula himantioides,MUCL38935,v1.0,,,,,,,,,,,,
Setho1,Setomelanomma holmii,CBS 110217,v1.0,,,,,,,,,,,,
Settu3,Setosphaeria turcica,Et28A,v2.0,,,,,,,,,,,,
Sirint1,Sirobasidium intermedium,CBS7805,v1.0,,,,,,,,,,,,
Sisni1,Sistotremastrum niveocremeum,HHB9708_ss-1_1.0,v1.0,,,,,,,,,,,,
Sissu1,Sistotremastrum suecicum,,v1.0,,,,,,,,,,,,
Slopil1,Slooffia pilatii,Y-17178,v1.0,,,,,,,,,,,,
SmicuMNP_2,Smittium culicis,GSMNP,v1.0,,,,,,,,,,,,
Smimuc2,Smittium mucronatum,ALG-7-W6,v1.0,,,,,,,,,,,,
Sodal1,Sodiomyces alkalinus,,v1.0,,,,,,,,,,,,
Sorma1,Sordaria macrospora,k-hell,v1.0,,,,,,,,,,,,
Spafl1,Spathularia flavida,,v1.0,,,,,,,,,,,,
Spalat1,Sparassis latifolia,CCMJ1100,v1.0,,,,,,,,,,,,
Spapa3,Spathaspora passalidarum,NRRL Y-27907,v2.0,,,,,,,,,,,,
Sphbr2,Sphaerosporella brunnea,Sb_GMNB300,v2.0,,,,,,,,,,,,
Sphst1,Sphaerobolus stellatus,,v1.0,,,,,,,,,,,,
Spifus1,Spinellus fusiger,NRRL 22323,v1.0,,,,,,,,,,,,
Spipu1,Spizellomyces punctatus,DAOM BR117,v1.0,,,,,,,,,,,,
Spobr1,Sporothrix brasiliensis,5110,v1.0,,,,,,,,,,,,
Spofi1,Sporormia fimetaria,,v1.0,,,,,,,,,,,,
Spogra1_1,Sporobolomyces gracilis,NRRL Y-5504,v1.0,,,,,,,,,,,,
Spoin1,Sporothrix insectorum,RCEF_264,v1.0,,,,,,,,,,,,
Spola1,Sporopachydermia lactativora,Phaff_68-199,v1.0,,,,,,,,,,,,
Spoli1,Sporobolomyces linderae,CBS 7893,v1.0,,,,,,,,,,,,
Spopa1,Sporidiobolus pararoseus,UCDFST_68-350,v1.0,,,,,,,,,,,,
Spore1,Sporisorium reilianum,SRZ2,v1.0,,,,,,,,,,,,
Sporo1,Sporobolomyces roseus,,v1.0,,,,,,,,,,,,
Sposc1,Sporothrix schenckii,1099-18,v1.0,,,,,,,,,,,,
Spoth2,Myceliophthora thermophila,,v2.0,,,,,,,,,,,,
Spoumb1,Sporodiniella umbellata,MES 1446,v1.0,,,,,,,,,,,,
Sprlo1,Spraguea lophii,42_110,v1.0,,,,,,,,,,,,
Stach1,Stachybotrys chartarum,IBT_40288,v1.0,,,,,,,,,,,,
Stachl1,Stachybotrys chlorohalonatus IBT 40285,IBT_40285,v1.0,,,,,,,,,,,,
Stagr1,Stanjemonium grisellum,CBS 655.79,v1.0,,,,,,,,,,,,
Stano2,Stagonospora nodorum,SN15,v2.0,,,,,,,,,,,,
Stasp1,Stagonospora sp.,SRC1lsM3a,v1.0,,,,,,,,,,,,
Stehi1,Stereum hirsutum,FP-91666_SS1,v1.0,,,,,,,,,,,,
Stely1,Stemphylium lycopersici,CIDEFI-216,v1.0,,,,,,,,,,,,
Stobe1,Stomiopeltis betulae,CBS114420,v1.0,,,,,,,,,,,,
Sugame1,Sugiyamaella americana,NRRL YB-2067,v1.0,,,,,,,,,,,,
Suiame1,Suillus americanus,EM31,v1.0,,,,,,,,,,,,
Suiamp1,Suillus ampliporus,FC55,v1.0,,,,,,,,,,,,
Suibov1,Suillus bovinus,UH-Sbo-P2,v1.0,,,,,,,,,,,,
Suibr2,Suillus brevipes,Sb2,v2.0,,,,,,,,,,,,
Suicli1,Suillus clintonianus,FC179,v1.0,,,,,,,,,,,,
Suicot1,Suillus cothurnatus,VC_1858,v1.0,,,,,,,,,,,,
Suidec1,Suillus decipiens,EM49,v1.0,,,,,,,,,,,,
Suidis1,Suillus discolor,FC423,v1.0,,,,,,,,,,,,
Suifus1,Suillus fuscotomentosus,FC203,v1.0,,,,,,,,,,,,
Suigr1,Suillus weaverae,EM37,v1.0,,,,,,,,,,,,
Suihi1,Suillus hirtellus,EM16,v1.0,,,,,,,,,,,,
Suilak1,Suillus lakei,FC43,v1.0,,,,,,,,,,,,
Suilu4,Suillus luteus,UH-Slu-Lm8-n1,v3.0,,,,,,,,,,,,
Suiocc1,Suillus occidentalis,FC124,v1.0,,,,,,,,,,,,
Suipal1,Suillus paluster,FC165,v1.0,,,,,,,,,,,,
Suipic1,Suillus spraguei,EM44,v1.0,,,,,,,,,,,,
Suipla1,Suillus placidus,DOB743,v1.0,,,,,,,,,,,,
Suiplo1,Suillus plorans,S12,v1.0,,,,,,,,,,,,
Suisu1,Suillus subalutaceus,FC151,v1.0,,,,,,,,,,,,
Suisub1,Suillus subaureus,MN1,v1.0,,,,,,,,,,,,
Suisubl1,Suillus subluteus,FC464,v1.0,,,,,,,,,,,,
Suitom1,Suillus tomentosus,FC115,v1.0,,,,,,,,,,,,
Suivar1,Suillus variegatus,UH-Sva-Z1,v1.0,,,,,,,,,,,,
Symat1,Sympodiomyces attinorum,NRRL Y-27639,v1.0,,,,,,,,,,,,
Symko1,Symbiotaphrina kochii,,v1.0,,,,,,,,,,,,
Synfus1,Syncephalis fuscata,S228,v1.0,,,,,,,,,,,,
Synplu1,Syncephalis plumigaleata,NRRL S24,v1.0,,,,,,,,,,,,
Synps1,Syncephalis pseudoplumigaleata,Benny S71-1_single-cell,v1.0,,,,,,,,,,,,
Synrac1,Syncephalastrum racemosum,NRRL 2496,v1.0,,,,,,,,,,,,
Talabor1,Talaromyces borbonicus,CBS 141340,v1.0,,,,,,,,,,,,
Talat1,Talaromyces atroroseus,IBT_11181,v1.0,,,,,,,,,,,,
Talis1,Talaromyces islandicus,WF3812,v1.0,,,,,,,,,,,,
Talma1_2,Talaromyces marneffei,ATCC 18224,v1.0,,,,,,,,,,,,
Talst1_2,Talaromyces stipitatus,ATCC 10500,v1.0,,,,,,,,,,,,
Tapde1_1,Taphrina deformans,,v1.0,,,,,,,,,,,,
Terbo2,Terfezia boudieri,ATCC MYA-4762,v1.1,,,,,,,,,,,,
Tercla1,Terfezia claveryi,T7,v1.0,,,,,,,,,,,,
TerJ132_1,Termitomyces sp.,J132,v1.0,,,,,,,,,,,,
TerNC1134_1,Teratosphaeriaceae sp.,NC1134,v1.0,,,,,,,,,,,,
Ternu1,Teratosphaeria nubilosa,CBS 116005,v1.0,,,,,,,,,,,,
Tescy1,Testicularia cyperi,MCA_3645,v1.0,,,,,,,,,,,,
Tetbla1,Tetrapisispora blattae,CBS 6284,v1.0,,,,,,,,,,,,
Tetpha1,Tetrapisispora phaffii,CBS 4417,v1.0,,,,,,,,,,,,
Thaele1,Thamnidium elegans,,v1.0,,,,,,,,,,,,
Thasp1,Thamnocephalis sphaerospora,RSA 1356_single-cell,v1.0,,,,,,,,,,,,
Theau1,Thermoascus aurantiacus,ATCC26904,v1.0,,,,,,,,,,,,
Thega1,Thelephora ganbajun,P2,v1.0,,,,,,,,,,,,
Thelan1,Thermomyces lanuginosus,SSBP,v1.0,,,,,,,,,,,,
Themi1,Thelebolus microsporus,ATCC 90970,v1.0,,,,,,,,,,,,
Thest1,Thelebolus stercoreus,,v1.0,,,,,,,,,,,,
Theter1,Thelephora terrestris,UH-Tt-Lm1,v1.0,,,,,,,,,,,,
Thipu1,Thielaviopsis punctulata,CR-DP1,v1.0,,,,,,,,,,,,
Thite2,Thielavia terrestris,,v2.0,,,,,,,,,,,,
ThoPMI491_1,Thozetella sp.,PMI_491,v2.0,,,,,,,,,,,,
ThyNC0857_1,Penicillium sp.,NC0857,v1.0,,,,,,,,,,,,
Tilalb1,Tilletiopsis albescens,,v1.0,,,,,,,,,,,,
Tilan2,Tilletiaria anomala,UBC_951,v1.0,,,,,,,,,,,,
Tilcar1,Tilletia caries,DAOM 238032,v1.0,,,,,,,,,,,,
Tilco1,Tilletia controversa,DAOM 236426,v1.0,,,,,,,,,,,,
Tilin1,Tilletia indica,DAOM 236416,v1.0,,,,,,,,,,,,
Tillet1,Tilletiopsis sp.,TKC30,v1.0,,,,,,,,,,,,
Tilwa1,Tilletiopsis washingtonensis,MCA 4186,v1.0,,,,,,,,,,,,
Tilwal1,Tilletia walkeri,DAOM 236422,v1.0,,,,,,,,,,,,
Tirniv1,Tirmania nivea,G3,v1.0,,,,,,,,,,,,
Tolca1,Tolypocladium capitatum,CBS 113982,v1.0,,,,,,,,,,,,
Tolinf1,Tolypocladium inflatum,NRRL 8044,v1.0,,,,,,,,,,,,
Tolop1,Tolypocladium ophioglossoides,CBS 100239,v1.0,,,,,,,,,,,,
Tolpa1,Tolypocladium paradoxum,NRBC 100945,v1.0,,,,,,,,,,,,
Torde1,Torulaspora delbrueckii,CBS 1146,v1.0,,,,,,,,,,,,
Torhe1,Torrubiella hemipterigena,BCC1449,v1.0,,,,,,,,,,,,
Torra1,Torpedospora radiata,JK5252C,v1.0,,,,,,,,,,,,
Totfu1,Tothia fuscella,CBS 130266,v1.0,,,,,,,,,,,,
Trabet1,Trametes betulina,CIRM-BRFM_1801,v1.0,,,,,,,,,,,,
Trace1,Trametopsis cervina,CIRM-BRFM_1824,v1.0,,,,,,,,,,,,
Traci1,Trametes cingulata,CIRM-BRFM_1805,v1.0,,,,,,,,,,,,
Tragib1,Trametes gibbosa,CIRM-BRFM_1770,v1.0,,,,,,,,,,,,
Traho1,Trachipleistophora hominis,,v1.0,,,,,,,,,,,,
Tralac1,Leiotrametes lactinea,CIRM-BRFM_1664,v1.0,,,,,,,,,,,,
Tralj1,Trametes ljubarskyi,CIRM-BRFM_1659,v1.0,,,,,,,,,,,,
Tramax1,Trametes maxima,CIRM-BRFM_1813,v1.0,,,,,,,,,,,,
Tramen1,Leiotrametes menziesii,CIRM-BRFM_1781,v1.0,,,,,,,,,,,,
Tramey1,Trametes meyenii,CIRM-BRFM_1810,v1.0,,,,,,,,,,,,
Trapol1,Trametes polyzona,CIRM-BRFM_1798,v1.0,,,,,,,,,,,,
Trapub1,Trametes pubescens,FBCC735,v1.0,,,,,,,,,,,,
Trave1,Trametes versicolor,,v1.0,,,,,,,,,,,,
Treen1,Naematelia encephala,UCDFST_68-887.2,v1.0,,,,,,,,,,,,
Treme1,Tremella mesenterica,,v1.0,,,,,,,,,,,,
Trepe1,Trematosphaeria pertusa,CBS 122368,v1.0,,,,,,,,,,,,
Triarc1,Triparticalcar arcticum,BR59,v1.0,,,,,,,,,,,,
Triaru1,Trichoderma arundinaceum,IBT_40837,v1.0,,,,,,,,,,,,
Trias1,Trichoderma asperellum,CBS 433.97,v1.0,,,,,,,,,,,,
Trias8904,Trichosporon asahii var. asahii,CBS 8904,v1.0,,,,,,,,,,,,
Triasp1,Trichoderma asperelloides,TR356,v1.0,,,,,,,,,,,,
Triat2,Trichoderma atroviride,,v2.0,,,,,,,,,,,,
Triatrob1,Trichoderma atrobrunneum,ITEM_908,v1.0,,,,,,,,,,,,
Tribi1,Trichodelitschia bisporula,CBS 262.69,v1.0,,,,,,,,,,,,
Tribre1,Trichoderma brevicompactum,IBT40841,v1.0,,,,,,,,,,,,
Trich1,Trichosporon chiarellii,MYA-4694,v1.0,,,,,,,,,,,,
Trici4,Trichoderma citrinoviride,TUCIM_6016,v4.0,,,,,,,,,,,,
Trieq1,Trichophyton equinum,CBS 127.97,v1.0,,,,,,,,,,,,
Trigam1,Trichoderma gamsii,T6085,v1.0,,,,,,,,,,,,
Trigu1,Trinosporium guianense,CBS132537,v1.0,,,,,,,,,,,,
Trigue1,Trichosporon guehoae,,v1.0,,,,,,,,,,,,
Trigui1,Trichoderma guizhouense,NJAU_4742,v1.0,,,,,,,,,,,,
Triha1,Trichoderma harzianum,CBS 226.95,v1.0,,,,,,,,,,,,
Triham1,Trichoderma hamatum,GD12,v1.0,,,,,,,,,,,,
Trihyb1,Trichophaea hybrida,UTF0779,v1.0,,,,,,,,,,,,
Triin1,Trichophyton interdigitale,MR816,v1.0,,,,,,,,,,,,
Trilo3,Trichoderma longibrachiatum,ATCC 18648,v3.0,,,,,,,,,,,,
Trima3,Tricholoma matsutake,945,v3.0,,,,,,,,,,,,
Trime1,Trichophyton mentagrophytes,TIMM_2789,v1.0,,,,,,,,,,,,
Triol1,Cutaneotrichosporon oleaginosum,IBC0246,v1.0,,,,,,,,,,,,
Tripar1,Trichoderma parareesei,CBS 125925,v1.0,,,,,,,,,,,,
Tripara1,Trichocoma paradoxa,CBS 103.73,v1.0,,,,,,,,,,,,
Tripe1,Trichomonascus petasosporus,NRRL YB-2093,v1.0,,,,,,,,,,,,
Triple1,Trichoderma pleuroti,TPhu1,v1.0,,,,,,,,,,,,
Tripop1,Tricholoma populinum,2016PMI031,v1.0,,,,,,,,,,,,
Trire_Chr,Trichoderma reesei,QM6a,v1.0,,,,,,,,,,,,
Triru1,Trichophyton rubrum,CBS 118892,v1.0,,,,,,,,,,,,
Triso1,Trichophyton soudanense,CBS 452.61,v1.0,,,,,,,,,,,,
Trisp1,Tritirachium sp.,CBS 265.96,v1.0,,,,,,,,,,,,
Trito1,Trichophyton tonsurans,CBS 112818,v1.0,,,,,,,,,,,,
Triver1,Trichophyton verrucosum,HKI_0517,v1.0,,,,,,,,,,,,
Trivi1,Trichophyton violaceum,CMCCFT3l,v1.0,,,,,,,,,,,,
TriviGv29_8_2,Trichoderma virens,Gv29-8,v2.0,,,,,,,,,,,,
Tryvi1,Viridothelium virens,,v1.0,,,,,,,,,,,,
Tsuwi1,Cryptococcus wingfieldii,CBS 7118,v1.0,,,,,,,,,,,,
Tubae1,Tuber aestivum var. uncinatum,,v1.0,,,,,,,,,,,,
Tubbor1,Tuber borchii,Tbo3840,v1.0,,,,,,,,,,,,
Tubbr1_1,Tuber brumale,,v1.0,,,,,,,,,,,,
Tubin1_1,Tuber indicum,,v1.0,,,,,,,,,,,,
Tubma1,Tuber magnatum,,v1.0,,,,,,,,,,,,
Tubme1v2,Tuber melanosporum,Mel28,v1.2,,,,,,,,,,,,
TyphTRa3160C_1,Typhula sp.,TRa3160C,v1.0,,,,,,,,,,,,
Umbelo1,Umbelopsis sp.,PMI 123,v1.0,,,,,,,,,,,,
Umbisa1,Umbelopsis isabellina,AD026,v1.0,,,,,,,,,,,,
Umbra1,Umbelopsis ramanniana,AG,v1.0,,,,,,,,,,,,
Umbsp_AD052_1,Umbelopsis sp. AD052,v1.0,,,,,,,,,,,,
Uncre1,Uncinocarpus reesii,UAMH 1704,v1.0,,,,,,,,,,,,
Uroocc1,Urocystis occulta,CBS 102.71,v1.0,,,,,,,,,,,,
Uropr1,Urocystis primulicola,RUB_030670,v1.0,,,,,,,,,,,,
Usnflo1,Usnea florida,ATCC 18376,v1.0,,,,,,,,,,,,
Ustbr1,Ustilago bromivora,UB2112,v1.0,,,,,,,,,,,,
Ustgig1,Ustanciosporium gigantosporum,RK316,v1.0,,,,,,,,,,,,
Usthor1,Ustilago hordei,Uh4857_4,v1.0,,,,,,,,,,,,
Ustma2_2,Ustilago maydis,521,v2.0,,,,,,,,,,,,
Ustsp1,Violaceomyces palustris,SA_807,v1.0,,,,,,,,,,,,
Ustvir1,Ustilaginoidea virens,,v1.0,,,,,,,,,,,,
Valla1,Valetoniellopsis laxa,CBS 191.97,v1.0,,,,,,,,,,,,
Valma1,Valsa mali,03-8,v1.0,,,,,,,,,,,,
Vanpo1,Vanderwaltozyma polyspora,DSM 70294,v1.0,,,,,,,,,,,,
Varmin1,Vararia minispora,EC-137,v1.0,,,,,,,,,,,,
Vavcu1,Vavraia culicis subsp. floridensis,,v1.0,,,,,,,,,,,,
Veneff1,Venturia effusa,,v1.0,,,,,,,,,,,,
Venin1,Venturia inaequalis,,v1.0,,,,,,,,,,,,
Venpi1,Venturia pirina,,v1.0,,,,,,,,,,,,
Veral1,Verticillium alfalfae,VaMs.102,v1.0,,,,,,,,,,,,
Verda1,Verticillium dahliae,VdLs.17,v1.0,,,,,,,,,,,,
Veren1,Verruculina enalia,CBS 304.66,v1.0,,,,,,,,,,,,
Verga1,Verruconis gallopava,,v1.0,,,,,,,,,,,,
Verlo1,Verticillium longisporum,VL1,v1.0,,,,,,,,,,,,
Vitco1,Vittaforma corneae,ATCC 50505,v1.0,,,,,,,,,,,,
Volvo1,Volvariella volvacea,V23,v1.0,,,,,,,,,,,,
Walic1,Wallemia ichthyophaga,EXF-994,v1.0,,,,,,,,,,,,
Walse1,Wallemia mellicola,,v1.0,,,,,,,,,,,,
Wesor1,Westerdykella ornata,CBS 379.55,v1.0,,,,,,,,,,,,
Wican1,Wickerhamomyces anomalus,NRRL Y-366-8,v1.0,,,,,,,,,,,,
Wicdo1,Wickerhamiella domercqiae,NRRL Y-6692,v1.0,,,,,,,,,,,,
Wicso1,Wickerhamiella sorbophila,DS02,v1.0,,,,,,,,,,,,
Wilmi1,Wilcoxina mikolae,CBS 423.85,v1.0,,,,,,,,,,,,
Wolco1,Wolfiporia cocos,MD-104_SS10,v1.0,,,,,,,,,,,,
Xanpa2,Xanthoria parietina,46-1-SA22,v1.1,,,,,,,,,,,,
Xenvag1,Xenasmatella vaga,CBS212.54,v1.0,,,,,,,,,,,,
Xerba1,Xerocomus badius,84.06,v1.0,,,,,,,,,,,,
Xylhe1,Xylona heveae,TC161,v1.0,,,,,,,,,,,,
Xylhyp1,Xylaria hypoxylon,OSC100004,v1.0,,,,,,,,,,,,
XylPMI506,Xylariales sp.,PMI_506,v1.0,,,,,,,,,,,,
XylPMI703_1,Xylogone sp.,PMI_703,v1.0,,,,,,,,,,,,
Yarli1,Yarrowia lipolytica,CLIB122,v1.0,,,,,,,,,,,,
Yarlip1,Yarrowia lipolytica,FKP355,v1.0,,,,,,,,,,,,
Zalva1,Zalerion varium,MPI-CAGE-AT-0135,v1.0,,,,,,,,,,,,
Zancul2,Zancudomyces culisetae,COL-18-3,v1.0,,,,,,,,,,,,
Zasce1,Zasmidium cellare,ATCC 36951,v1.0,,,,,,,,,,,,
Zoorad1,Zoophthora radicans,ATCC 208865,v1.0,,,,,,,,,,,,
Zoprh1,Zopfia rhizophila,,v1.0,,,,,,,,,,,,
Zycmex1,Zychaea mexicana,RSA 1403,v1.0,,,,,,,,,,,,
Zyghe1_2,Zygoascus hellenicus,Y-7136,v1.0,,,,,,,,,,,,
Zyghet1,Mucor heterogamus,NRRL 1489,v1.0,,,,,,,,,,,,
Zygro1,Zygosaccharomyces rouxii,CBS732,v1.0,,,,,,,,,,,,
Zymar1,Zymoseptoria ardabiliae,STIR04_1.1.1,v1.0,,,,,,,,,,,,
Zymbr1,Zymoseptoria brevis,Zb18110,v1.0,,,,,,,,,,,,
Zymps1,Zymoseptoria pseudotritici,STIR04_2.2.1,v1.0,,,,,,,,,,,,
